"Date","Open","High","Low","Close","Volume"
"Thu Apr 13 2023 11:45:00 GMT+0530 (India Standard Time)","17864.25","17873.75","17864.25","17869.50","4650.00"
"Thu Apr 13 2023 11:55:00 GMT+0530 (India Standard Time)","17869.50","17879.00","17859.50","17862.40","7400.00"
"Thu Apr 13 2023 12:05:00 GMT+0530 (India Standard Time)","17862.40","17865.00","17852.30","17853.00","5000.00"
"Thu Apr 13 2023 12:15:00 GMT+0530 (India Standard Time)","17853.00","17854.65","17838.00","17844.00","8400.00"
"Thu Apr 13 2023 12:25:00 GMT+0530 (India Standard Time)","17844.00","17853.55","17835.00","17835.00","6800.00"
"Thu Apr 13 2023 12:35:00 GMT+0530 (India Standard Time)","17835.00","17859.90","17835.00","17859.00","7700.00"
"Thu Apr 13 2023 12:45:00 GMT+0530 (India Standard Time)","17859.00","17865.00","17855.10","17862.45","4150.00"
"Thu Apr 13 2023 12:55:00 GMT+0530 (India Standard Time)","17865.95","17884.30","17864.75","17873.90","7800.00"
"Thu Apr 13 2023 13:05:00 GMT+0530 (India Standard Time)","17873.90","17875.00","17855.05","17858.00","6150.00"
"Thu Apr 13 2023 13:15:00 GMT+0530 (India Standard Time)","17858.00","17863.85","17853.25","17860.00","2100.00"
"Thu Apr 13 2023 13:25:00 GMT+0530 (India Standard Time)","17860.00","17881.00","17857.05","17880.00","3900.00"
"Thu Apr 13 2023 13:35:00 GMT+0530 (India Standard Time)","17880.00","17888.00","17874.00","17879.95","6800.00"
"Thu Apr 13 2023 13:45:00 GMT+0530 (India Standard Time)","17879.95","17883.40","17865.00","17876.40","5050.00"
"Thu Apr 13 2023 13:55:00 GMT+0530 (India Standard Time)","17876.40","17894.00","17876.40","17893.85","9900.00"
"Thu Apr 13 2023 14:05:00 GMT+0530 (India Standard Time)","17893.85","17898.00","17883.20","17883.75","5450.00"
"Thu Apr 13 2023 14:15:00 GMT+0530 (India Standard Time)","17883.75","17905.90","17882.65","17901.85","11550.00"
"Thu Apr 13 2023 14:25:00 GMT+0530 (India Standard Time)","17901.85","17912.95","17895.80","17904.15","10400.00"
"Thu Apr 13 2023 14:35:00 GMT+0530 (India Standard Time)","17904.15","17907.00","17897.35","17900.90","14900.00"
"Thu Apr 13 2023 14:45:00 GMT+0530 (India Standard Time)","17900.90","17921.00","17900.90","17919.95","13900.00"
"Thu Apr 13 2023 14:55:00 GMT+0530 (India Standard Time)","17919.95","17932.60","17910.15","17921.10","16400.00"
"Thu Apr 13 2023 15:05:00 GMT+0530 (India Standard Time)","17921.10","17936.00","17920.25","17933.80","16600.00"
"Thu Apr 13 2023 15:15:00 GMT+0530 (India Standard Time)","17933.80","17941.00","17933.15","17940.70","22750.00"
"Thu Apr 13 2023 15:25:00 GMT+0530 (India Standard Time)","17940.40","17942.95","17934.25","17935.00","25550.00"
"Mon Apr 17 2023 09:15:00 GMT+0530 (India Standard Time)","17914.30","17914.30","17775.00","17782.90","158800.00"
"Mon Apr 17 2023 09:25:00 GMT+0530 (India Standard Time)","17784.95","17785.95","17747.05","17763.60","82400.00"
"Mon Apr 17 2023 09:35:00 GMT+0530 (India Standard Time)","17763.00","17769.95","17749.05","17756.30","63550.00"
"Mon Apr 17 2023 09:45:00 GMT+0530 (India Standard Time)","17758.35","17776.75","17735.00","17735.00","55500.00"
"Mon Apr 17 2023 09:55:00 GMT+0530 (India Standard Time)","17735.00","17739.85","17705.55","17713.85","54150.00"
"Mon Apr 17 2023 10:05:00 GMT+0530 (India Standard Time)","17714.40","17739.80","17712.45","17738.50","32900.00"
"Mon Apr 17 2023 10:15:00 GMT+0530 (India Standard Time)","17738.50","17771.95","17738.00","17771.00","25900.00"
"Mon Apr 17 2023 10:25:00 GMT+0530 (India Standard Time)","17772.00","17774.00","17752.00","17755.95","18800.00"
"Mon Apr 17 2023 10:35:00 GMT+0530 (India Standard Time)","17756.25","17772.00","17755.00","17772.00","10150.00"
"Mon Apr 17 2023 10:45:00 GMT+0530 (India Standard Time)","17774.40","17802.00","17772.00","17781.00","28900.00"
"Mon Apr 17 2023 10:55:00 GMT+0530 (India Standard Time)","17781.00","17798.35","17776.25","17776.25","10550.00"
"Mon Apr 17 2023 11:05:00 GMT+0530 (India Standard Time)","17776.25","17787.70","17766.70","17775.00","10150.00"
"Mon Apr 17 2023 11:15:00 GMT+0530 (India Standard Time)","17775.00","17786.35","17772.50","17780.60","5250.00"
"Mon Apr 17 2023 11:25:00 GMT+0530 (India Standard Time)","17780.60","17789.10","17775.85","17777.00","5200.00"
"Mon Apr 17 2023 11:35:00 GMT+0530 (India Standard Time)","17777.00","17799.00","17775.00","17793.75","10200.00"
"Mon Apr 17 2023 11:45:00 GMT+0530 (India Standard Time)","17793.75","17799.75","17785.00","17794.90","9900.00"
"Mon Apr 17 2023 11:55:00 GMT+0530 (India Standard Time)","17794.90","17796.15","17779.10","17782.00","3800.00"
"Mon Apr 17 2023 12:05:00 GMT+0530 (India Standard Time)","17782.00","17795.10","17778.40","17789.30","7050.00"
"Mon Apr 17 2023 12:15:00 GMT+0530 (India Standard Time)","17789.30","17804.95","17788.75","17803.60","12200.00"
"Mon Apr 17 2023 12:25:00 GMT+0530 (India Standard Time)","17803.60","17820.00","17803.60","17820.00","16650.00"
"Mon Apr 17 2023 12:35:00 GMT+0530 (India Standard Time)","17819.30","17827.65","17807.00","17807.00","22600.00"
"Mon Apr 17 2023 12:45:00 GMT+0530 (India Standard Time)","17807.00","17819.70","17804.50","17818.85","7700.00"
"Mon Apr 17 2023 12:55:00 GMT+0530 (India Standard Time)","17818.85","17818.85","17782.00","17782.40","9000.00"
"Mon Apr 17 2023 13:05:00 GMT+0530 (India Standard Time)","17785.60","17799.90","17781.00","17796.15","10500.00"
"Mon Apr 17 2023 13:15:00 GMT+0530 (India Standard Time)","17796.15","17796.15","17778.40","17785.00","7050.00"
"Mon Apr 17 2023 13:25:00 GMT+0530 (India Standard Time)","17785.00","17790.30","17776.05","17788.25","5450.00"
"Mon Apr 17 2023 13:35:00 GMT+0530 (India Standard Time)","17788.25","17806.50","17781.30","17803.30","5950.00"
"Mon Apr 17 2023 13:45:00 GMT+0530 (India Standard Time)","17803.30","17805.25","17795.80","17804.85","4000.00"
"Mon Apr 17 2023 13:55:00 GMT+0530 (India Standard Time)","17804.85","17811.00","17795.75","17797.10","6250.00"
"Mon Apr 17 2023 14:05:00 GMT+0530 (India Standard Time)","17797.10","17810.00","17797.00","17810.00","5750.00"
"Mon Apr 17 2023 14:15:00 GMT+0530 (India Standard Time)","17810.00","17815.00","17800.35","17810.00","5650.00"
"Mon Apr 17 2023 14:25:00 GMT+0530 (India Standard Time)","17810.00","17825.00","17809.00","17825.00","9600.00"
"Mon Apr 17 2023 14:35:00 GMT+0530 (India Standard Time)","17825.00","17825.00","17795.90","17808.75","11600.00"
"Mon Apr 17 2023 14:45:00 GMT+0530 (India Standard Time)","17808.75","17819.50","17801.00","17802.55","4900.00"
"Mon Apr 17 2023 14:55:00 GMT+0530 (India Standard Time)","17802.55","17824.95","17802.40","17824.50","11300.00"
"Mon Apr 17 2023 15:05:00 GMT+0530 (India Standard Time)","17824.50","17830.00","17818.45","17822.50","17500.00"
"Mon Apr 17 2023 15:15:00 GMT+0530 (India Standard Time)","17822.50","17824.10","17813.50","17817.35","21200.00"
"Mon Apr 17 2023 15:25:00 GMT+0530 (India Standard Time)","17818.20","17818.25","17808.10","17813.00","16200.00"
"Tue Apr 18 2023 09:15:00 GMT+0530 (India Standard Time)","17813.30","17836.75","17755.45","17821.15","46550.00"
"Tue Apr 18 2023 09:25:00 GMT+0530 (India Standard Time)","17821.15","17835.00","17805.25","17829.20","26250.00"
"Tue Apr 18 2023 09:35:00 GMT+0530 (India Standard Time)","17828.25","17831.70","17807.70","17812.00","12900.00"
"Tue Apr 18 2023 09:45:00 GMT+0530 (India Standard Time)","17808.00","17812.00","17766.00","17766.00","25900.00"
"Tue Apr 18 2023 09:55:00 GMT+0530 (India Standard Time)","17770.00","17777.35","17760.05","17774.10","16150.00"
"Tue Apr 18 2023 10:05:00 GMT+0530 (India Standard Time)","17774.10","17774.10","17755.60","17763.45","10600.00"
"Tue Apr 18 2023 10:15:00 GMT+0530 (India Standard Time)","17763.45","17763.45","17740.00","17751.00","20950.00"
"Tue Apr 18 2023 10:25:00 GMT+0530 (India Standard Time)","17751.00","17768.70","17746.00","17765.35","13100.00"
"Tue Apr 18 2023 10:35:00 GMT+0530 (India Standard Time)","17765.35","17786.00","17764.00","17785.90","13700.00"
"Tue Apr 18 2023 10:45:00 GMT+0530 (India Standard Time)","17785.90","17794.50","17775.95","17783.80","10600.00"
"Tue Apr 18 2023 10:55:00 GMT+0530 (India Standard Time)","17783.80","17786.65","17775.20","17775.20","9100.00"
"Tue Apr 18 2023 11:05:00 GMT+0530 (India Standard Time)","17775.20","17784.15","17772.45","17784.15","3700.00"
"Tue Apr 18 2023 11:15:00 GMT+0530 (India Standard Time)","17784.15","17788.45","17778.90","17784.15","4050.00"
"Tue Apr 18 2023 11:25:00 GMT+0530 (India Standard Time)","17784.15","17789.30","17775.00","17775.15","2200.00"
"Tue Apr 18 2023 11:35:00 GMT+0530 (India Standard Time)","17775.15","17785.00","17775.15","17779.50","3200.00"
"Tue Apr 18 2023 11:45:00 GMT+0530 (India Standard Time)","17779.50","17779.50","17762.00","17766.55","9750.00"
"Tue Apr 18 2023 11:55:00 GMT+0530 (India Standard Time)","17766.55","17778.85","17762.30","17775.85","5300.00"
"Tue Apr 18 2023 12:05:00 GMT+0530 (India Standard Time)","17775.85","17790.00","17775.85","17787.35","4350.00"
"Tue Apr 18 2023 12:15:00 GMT+0530 (India Standard Time)","17787.35","17795.00","17785.00","17785.60","5300.00"
"Tue Apr 18 2023 12:25:00 GMT+0530 (India Standard Time)","17785.60","17797.75","17784.00","17796.00","4100.00"
"Tue Apr 18 2023 12:35:00 GMT+0530 (India Standard Time)","17796.00","17802.00","17794.05","17799.90","8650.00"
"Tue Apr 18 2023 12:45:00 GMT+0530 (India Standard Time)","17799.90","17801.95","17794.25","17800.90","6100.00"
"Tue Apr 18 2023 12:55:00 GMT+0530 (India Standard Time)","17800.90","17818.75","17798.70","17806.55","8850.00"
"Tue Apr 18 2023 13:05:00 GMT+0530 (India Standard Time)","17806.55","17807.90","17790.00","17790.70","5750.00"
"Tue Apr 18 2023 13:15:00 GMT+0530 (India Standard Time)","17790.70","17791.00","17775.30","17781.05","9250.00"
"Tue Apr 18 2023 13:25:00 GMT+0530 (India Standard Time)","17781.05","17781.45","17763.00","17763.00","14550.00"
"Tue Apr 18 2023 13:35:00 GMT+0530 (India Standard Time)","17763.00","17765.00","17729.20","17729.20","41700.00"
"Tue Apr 18 2023 13:45:00 GMT+0530 (India Standard Time)","17729.00","17736.65","17721.00","17724.00","29550.00"
"Tue Apr 18 2023 13:55:00 GMT+0530 (India Standard Time)","17724.00","17748.95","17720.80","17734.65","17200.00"
"Tue Apr 18 2023 14:05:00 GMT+0530 (India Standard Time)","17734.65","17754.85","17728.00","17747.50","9150.00"
"Tue Apr 18 2023 14:15:00 GMT+0530 (India Standard Time)","17747.50","17753.60","17736.00","17744.25","12400.00"
"Tue Apr 18 2023 14:25:00 GMT+0530 (India Standard Time)","17745.00","17759.00","17745.00","17759.00","7500.00"
"Tue Apr 18 2023 14:35:00 GMT+0530 (India Standard Time)","17759.00","17759.00","17736.00","17754.65","12050.00"
"Tue Apr 18 2023 14:45:00 GMT+0530 (India Standard Time)","17754.65","17770.25","17750.55","17770.20","11900.00"
"Tue Apr 18 2023 14:55:00 GMT+0530 (India Standard Time)","17770.20","17780.00","17758.90","17779.95","23250.00"
"Tue Apr 18 2023 15:05:00 GMT+0530 (India Standard Time)","17779.95","17779.95","17766.45","17772.00","8550.00"
"Tue Apr 18 2023 15:15:00 GMT+0530 (India Standard Time)","17772.00","17774.90","17765.15","17769.70","14200.00"
"Tue Apr 18 2023 15:25:00 GMT+0530 (India Standard Time)","17770.00","17772.75","17768.60","17772.75","13850.00"
"Wed Apr 19 2023 09:15:00 GMT+0530 (India Standard Time)","17765.05","17765.05","17725.00","17731.05","35350.00"
"Wed Apr 19 2023 09:25:00 GMT+0530 (India Standard Time)","17729.95","17772.90","17728.45","17754.00","19250.00"
"Wed Apr 19 2023 09:35:00 GMT+0530 (India Standard Time)","17754.00","17759.00","17736.50","17737.20","11900.00"
"Wed Apr 19 2023 09:45:00 GMT+0530 (India Standard Time)","17737.20","17750.00","17731.20","17746.45","12200.00"
"Wed Apr 19 2023 09:55:00 GMT+0530 (India Standard Time)","17746.45","17749.90","17726.70","17726.70","11300.00"
"Wed Apr 19 2023 10:05:00 GMT+0530 (India Standard Time)","17726.70","17740.00","17720.25","17731.95","11700.00"
"Wed Apr 19 2023 10:15:00 GMT+0530 (India Standard Time)","17731.95","17745.35","17731.95","17738.50","9800.00"
"Wed Apr 19 2023 10:25:00 GMT+0530 (India Standard Time)","17738.50","17755.00","17733.00","17748.30","4950.00"
"Wed Apr 19 2023 10:35:00 GMT+0530 (India Standard Time)","17748.30","17748.95","17732.00","17735.60","5200.00"
"Wed Apr 19 2023 10:45:00 GMT+0530 (India Standard Time)","17735.60","17745.85","17735.60","17745.85","4100.00"
"Wed Apr 19 2023 10:55:00 GMT+0530 (India Standard Time)","17745.85","17750.00","17742.00","17748.40","5550.00"
"Wed Apr 19 2023 11:05:00 GMT+0530 (India Standard Time)","17748.40","17754.00","17746.00","17749.15","4300.00"
"Wed Apr 19 2023 11:15:00 GMT+0530 (India Standard Time)","17749.15","17752.90","17735.00","17739.95","3350.00"
"Wed Apr 19 2023 11:25:00 GMT+0530 (India Standard Time)","17739.95","17746.95","17733.05","17740.90","2750.00"
"Wed Apr 19 2023 11:35:00 GMT+0530 (India Standard Time)","17740.90","17770.00","17740.90","17749.40","10400.00"
"Wed Apr 19 2023 11:45:00 GMT+0530 (India Standard Time)","17749.40","17755.00","17742.50","17747.15","10950.00"
"Wed Apr 19 2023 11:55:00 GMT+0530 (India Standard Time)","17747.15","17760.85","17747.15","17755.65","3100.00"
"Wed Apr 19 2023 12:05:00 GMT+0530 (India Standard Time)","17755.65","17764.10","17754.35","17757.60","2450.00"
"Wed Apr 19 2023 12:15:00 GMT+0530 (India Standard Time)","17757.60","17766.30","17753.90","17755.70","8550.00"
"Wed Apr 19 2023 12:25:00 GMT+0530 (India Standard Time)","17755.70","17763.90","17745.00","17763.35","6900.00"
"Wed Apr 19 2023 12:35:00 GMT+0530 (India Standard Time)","17764.00","17767.60","17756.95","17756.95","4600.00"
"Wed Apr 19 2023 12:45:00 GMT+0530 (India Standard Time)","17756.95","17769.00","17756.95","17762.95","4650.00"
"Wed Apr 19 2023 12:55:00 GMT+0530 (India Standard Time)","17762.95","17766.10","17748.30","17749.60","5000.00"
"Wed Apr 19 2023 13:05:00 GMT+0530 (India Standard Time)","17749.60","17749.60","17736.00","17739.10","9150.00"
"Wed Apr 19 2023 13:15:00 GMT+0530 (India Standard Time)","17739.10","17740.55","17730.00","17735.85","10050.00"
"Wed Apr 19 2023 13:25:00 GMT+0530 (India Standard Time)","17735.85","17742.30","17716.10","17723.00","15600.00"
"Wed Apr 19 2023 13:35:00 GMT+0530 (India Standard Time)","17724.70","17732.15","17700.00","17700.00","26450.00"
"Wed Apr 19 2023 13:45:00 GMT+0530 (India Standard Time)","17698.45","17706.30","17690.00","17702.10","21650.00"
"Wed Apr 19 2023 13:55:00 GMT+0530 (India Standard Time)","17701.00","17711.10","17691.30","17692.30","31800.00"
"Wed Apr 19 2023 14:05:00 GMT+0530 (India Standard Time)","17691.55","17707.80","17686.95","17699.15","29000.00"
"Wed Apr 19 2023 14:15:00 GMT+0530 (India Standard Time)","17699.15","17714.50","17693.80","17713.00","13950.00"
"Wed Apr 19 2023 14:25:00 GMT+0530 (India Standard Time)","17713.00","17715.10","17705.00","17710.70","6900.00"
"Wed Apr 19 2023 14:35:00 GMT+0530 (India Standard Time)","17710.70","17711.90","17691.80","17697.00","16450.00"
"Wed Apr 19 2023 14:45:00 GMT+0530 (India Standard Time)","17697.00","17708.05","17694.85","17699.05","9850.00"
"Wed Apr 19 2023 14:55:00 GMT+0530 (India Standard Time)","17699.05","17713.25","17691.00","17709.30","17100.00"
"Wed Apr 19 2023 15:05:00 GMT+0530 (India Standard Time)","17711.00","17728.60","17709.30","17720.00","19200.00"
"Wed Apr 19 2023 15:15:00 GMT+0530 (India Standard Time)","17720.00","17722.00","17706.50","17706.50","15800.00"
"Wed Apr 19 2023 15:25:00 GMT+0530 (India Standard Time)","17706.50","17709.45","17703.75","17706.00","14300.00"
"Thu Apr 20 2023 09:15:00 GMT+0530 (India Standard Time)","17730.75","17775.00","17721.35","17771.95","54300.00"
"Thu Apr 20 2023 09:25:00 GMT+0530 (India Standard Time)","17771.95","17779.70","17765.00","17774.00","28800.00"
"Thu Apr 20 2023 09:35:00 GMT+0530 (India Standard Time)","17774.00","17780.00","17770.00","17774.00","17450.00"
"Thu Apr 20 2023 09:45:00 GMT+0530 (India Standard Time)","17774.00","17775.20","17750.00","17755.10","19750.00"
"Thu Apr 20 2023 09:55:00 GMT+0530 (India Standard Time)","17755.10","17755.10","17735.05","17741.15","36100.00"
"Thu Apr 20 2023 10:05:00 GMT+0530 (India Standard Time)","17741.40","17742.25","17725.00","17728.00","31350.00"
"Thu Apr 20 2023 10:15:00 GMT+0530 (India Standard Time)","17728.00","17740.00","17727.55","17737.40","11150.00"
"Thu Apr 20 2023 10:25:00 GMT+0530 (India Standard Time)","17735.00","17737.40","17691.95","17691.95","34000.00"
"Thu Apr 20 2023 10:35:00 GMT+0530 (India Standard Time)","17692.35","17705.00","17690.70","17695.15","19650.00"
"Thu Apr 20 2023 10:45:00 GMT+0530 (India Standard Time)","17695.15","17708.25","17691.00","17702.00","9300.00"
"Thu Apr 20 2023 10:55:00 GMT+0530 (India Standard Time)","17702.00","17712.85","17700.05","17704.00","15100.00"
"Thu Apr 20 2023 11:05:00 GMT+0530 (India Standard Time)","17704.00","17709.75","17692.00","17706.00","8200.00"
"Thu Apr 20 2023 11:15:00 GMT+0530 (India Standard Time)","17706.30","17719.65","17706.00","17717.40","8100.00"
"Thu Apr 20 2023 11:25:00 GMT+0530 (India Standard Time)","17717.40","17725.35","17713.75","17723.60","10000.00"
"Thu Apr 20 2023 11:35:00 GMT+0530 (India Standard Time)","17723.60","17728.00","17712.30","17713.00","14100.00"
"Thu Apr 20 2023 11:45:00 GMT+0530 (India Standard Time)","17713.00","17727.00","17705.90","17718.40","8650.00"
"Thu Apr 20 2023 11:55:00 GMT+0530 (India Standard Time)","17718.40","17724.95","17717.10","17719.90","3850.00"
"Thu Apr 20 2023 12:05:00 GMT+0530 (India Standard Time)","17719.90","17721.20","17710.45","17713.65","6700.00"
"Thu Apr 20 2023 12:15:00 GMT+0530 (India Standard Time)","17713.35","17725.00","17710.00","17718.25","8050.00"
"Thu Apr 20 2023 12:25:00 GMT+0530 (India Standard Time)","17718.25","17724.40","17712.00","17714.00","14600.00"
"Thu Apr 20 2023 12:35:00 GMT+0530 (India Standard Time)","17714.00","17715.00","17699.30","17703.40","27700.00"
"Thu Apr 20 2023 12:45:00 GMT+0530 (India Standard Time)","17703.40","17708.95","17695.00","17706.00","17600.00"
"Thu Apr 20 2023 12:55:00 GMT+0530 (India Standard Time)","17706.00","17707.50","17694.00","17695.75","22050.00"
"Thu Apr 20 2023 13:05:00 GMT+0530 (India Standard Time)","17695.75","17698.10","17674.55","17685.00","59400.00"
"Thu Apr 20 2023 13:15:00 GMT+0530 (India Standard Time)","17685.00","17694.80","17682.05","17688.20","16150.00"
"Thu Apr 20 2023 13:25:00 GMT+0530 (India Standard Time)","17688.20","17693.30","17680.05","17682.40","12600.00"
"Thu Apr 20 2023 13:35:00 GMT+0530 (India Standard Time)","17682.40","17693.15","17681.00","17688.95","13000.00"
"Thu Apr 20 2023 13:45:00 GMT+0530 (India Standard Time)","17685.80","17703.80","17683.05","17695.25","14750.00"
"Thu Apr 20 2023 13:55:00 GMT+0530 (India Standard Time)","17695.25","17697.10","17678.45","17682.00","15800.00"
"Thu Apr 20 2023 14:05:00 GMT+0530 (India Standard Time)","17682.00","17690.00","17672.90","17684.95","19650.00"
"Thu Apr 20 2023 14:15:00 GMT+0530 (India Standard Time)","17684.95","17705.55","17682.90","17697.35","16600.00"
"Thu Apr 20 2023 14:25:00 GMT+0530 (India Standard Time)","17697.35","17701.00","17688.75","17701.00","14950.00"
"Thu Apr 20 2023 14:35:00 GMT+0530 (India Standard Time)","17701.00","17701.30","17692.00","17695.45","27150.00"
"Thu Apr 20 2023 14:45:00 GMT+0530 (India Standard Time)","17695.45","17700.00","17690.35","17693.90","15450.00"
"Thu Apr 20 2023 14:55:00 GMT+0530 (India Standard Time)","17694.60","17707.95","17690.00","17705.20","37450.00"
"Thu Apr 20 2023 15:05:00 GMT+0530 (India Standard Time)","17705.90","17720.25","17705.90","17718.35","39700.00"
"Thu Apr 20 2023 15:15:00 GMT+0530 (India Standard Time)","17718.10","17720.00","17712.20","17717.15","35350.00"
"Thu Apr 20 2023 15:25:00 GMT+0530 (India Standard Time)","17717.15","17719.45","17713.65","17718.95","12250.00"
"Fri Apr 21 2023 09:15:00 GMT+0530 (India Standard Time)","17721.75","17740.00","17714.80","17732.00","40100.00"
"Fri Apr 21 2023 09:25:00 GMT+0530 (India Standard Time)","17733.20","17746.00","17716.65","17716.65","29150.00"
"Fri Apr 21 2023 09:35:00 GMT+0530 (India Standard Time)","17716.65","17742.90","17707.80","17708.00","33250.00"
"Fri Apr 21 2023 09:45:00 GMT+0530 (India Standard Time)","17708.00","17721.60","17699.00","17702.40","14500.00"
"Fri Apr 21 2023 09:55:00 GMT+0530 (India Standard Time)","17701.35","17708.05","17691.00","17696.15","18500.00"
"Fri Apr 21 2023 10:05:00 GMT+0530 (India Standard Time)","17696.05","17703.05","17691.00","17699.05","13250.00"
"Fri Apr 21 2023 10:15:00 GMT+0530 (India Standard Time)","17699.05","17703.15","17680.00","17681.00","21150.00"
"Fri Apr 21 2023 10:25:00 GMT+0530 (India Standard Time)","17681.00","17694.00","17675.85","17691.05","20950.00"
"Fri Apr 21 2023 10:35:00 GMT+0530 (India Standard Time)","17691.05","17698.00","17682.95","17682.95","15950.00"
"Fri Apr 21 2023 10:45:00 GMT+0530 (India Standard Time)","17682.95","17692.90","17674.00","17691.25","16400.00"
"Fri Apr 21 2023 10:55:00 GMT+0530 (India Standard Time)","17691.25","17691.25","17682.00","17689.20","7150.00"
"Fri Apr 21 2023 11:05:00 GMT+0530 (India Standard Time)","17689.20","17698.00","17685.90","17693.10","13600.00"
"Fri Apr 21 2023 11:15:00 GMT+0530 (India Standard Time)","17693.10","17699.00","17686.00","17688.00","9000.00"
"Fri Apr 21 2023 11:25:00 GMT+0530 (India Standard Time)","17688.00","17694.95","17685.00","17692.60","5900.00"
"Fri Apr 21 2023 11:35:00 GMT+0530 (India Standard Time)","17692.60","17697.25","17685.00","17694.00","10300.00"
"Fri Apr 21 2023 11:45:00 GMT+0530 (India Standard Time)","17694.00","17698.00","17690.00","17690.00","10400.00"
"Fri Apr 21 2023 11:55:00 GMT+0530 (India Standard Time)","17690.00","17702.20","17685.20","17689.50","13650.00"
"Fri Apr 21 2023 12:05:00 GMT+0530 (India Standard Time)","17689.50","17691.30","17675.95","17681.25","10900.00"
"Fri Apr 21 2023 12:15:00 GMT+0530 (India Standard Time)","17680.00","17681.25","17675.50","17680.00","10050.00"
"Fri Apr 21 2023 12:25:00 GMT+0530 (India Standard Time)","17680.00","17682.70","17665.00","17670.00","20300.00"
"Fri Apr 21 2023 12:35:00 GMT+0530 (India Standard Time)","17670.00","17684.00","17670.00","17675.00","10350.00"
"Fri Apr 21 2023 12:45:00 GMT+0530 (India Standard Time)","17675.00","17681.00","17672.00","17674.00","17350.00"
"Fri Apr 21 2023 12:55:00 GMT+0530 (India Standard Time)","17674.00","17680.00","17646.00","17649.00","48800.00"
"Fri Apr 21 2023 13:05:00 GMT+0530 (India Standard Time)","17649.00","17656.00","17644.10","17649.00","37900.00"
"Fri Apr 21 2023 13:15:00 GMT+0530 (India Standard Time)","17649.00","17668.15","17647.75","17666.25","21600.00"
"Fri Apr 21 2023 13:25:00 GMT+0530 (India Standard Time)","17666.25","17688.75","17666.00","17680.05","24700.00"
"Fri Apr 21 2023 13:35:00 GMT+0530 (India Standard Time)","17680.05","17690.00","17677.00","17681.00","30000.00"
"Fri Apr 21 2023 13:45:00 GMT+0530 (India Standard Time)","17681.00","17699.00","17680.00","17697.00","28350.00"
"Fri Apr 21 2023 13:55:00 GMT+0530 (India Standard Time)","17697.95","17697.95","17690.05","17692.00","10700.00"
"Fri Apr 21 2023 14:05:00 GMT+0530 (India Standard Time)","17692.00","17695.00","17684.00","17689.00","11850.00"
"Fri Apr 21 2023 14:15:00 GMT+0530 (India Standard Time)","17689.00","17714.00","17685.00","17708.00","22700.00"
"Fri Apr 21 2023 14:25:00 GMT+0530 (India Standard Time)","17708.00","17728.00","17707.25","17717.05","38400.00"
"Fri Apr 21 2023 14:35:00 GMT+0530 (India Standard Time)","17715.00","17716.70","17701.40","17705.00","11800.00"
"Fri Apr 21 2023 14:45:00 GMT+0530 (India Standard Time)","17705.00","17716.35","17703.00","17709.10","16250.00"
"Fri Apr 21 2023 14:55:00 GMT+0530 (India Standard Time)","17710.00","17726.00","17708.00","17716.85","31700.00"
"Fri Apr 21 2023 15:05:00 GMT+0530 (India Standard Time)","17716.85","17727.00","17714.00","17727.00","22650.00"
"Fri Apr 21 2023 15:15:00 GMT+0530 (India Standard Time)","17723.00","17727.00","17708.00","17708.00","25450.00"
"Fri Apr 21 2023 15:25:00 GMT+0530 (India Standard Time)","17707.85","17711.05","17704.85","17707.05","30400.00"
"Mon Apr 24 2023 09:15:00 GMT+0530 (India Standard Time)","17750.00","17773.15","17735.20","17750.75","86850.00"
"Mon Apr 24 2023 09:25:00 GMT+0530 (India Standard Time)","17754.00","17755.00","17720.05","17728.70","70650.00"
"Mon Apr 24 2023 09:35:00 GMT+0530 (India Standard Time)","17728.70","17735.80","17709.00","17709.00","37200.00"
"Mon Apr 24 2023 09:45:00 GMT+0530 (India Standard Time)","17709.00","17743.50","17709.00","17722.45","49900.00"
"Mon Apr 24 2023 09:55:00 GMT+0530 (India Standard Time)","17722.45","17723.25","17702.05","17710.00","37050.00"
"Mon Apr 24 2023 10:05:00 GMT+0530 (India Standard Time)","17710.00","17714.00","17696.85","17711.10","32200.00"
"Mon Apr 24 2023 10:15:00 GMT+0530 (India Standard Time)","17711.10","17717.95","17701.05","17712.00","16800.00"
"Mon Apr 24 2023 10:25:00 GMT+0530 (India Standard Time)","17712.00","17714.15","17703.00","17714.00","20700.00"
"Mon Apr 24 2023 10:35:00 GMT+0530 (India Standard Time)","17714.00","17727.30","17714.00","17715.85","26200.00"
"Mon Apr 24 2023 10:45:00 GMT+0530 (India Standard Time)","17714.75","17721.50","17711.45","17716.90","22500.00"
"Mon Apr 24 2023 10:55:00 GMT+0530 (India Standard Time)","17716.90","17725.00","17713.00","17722.40","17450.00"
"Mon Apr 24 2023 11:05:00 GMT+0530 (India Standard Time)","17722.40","17725.00","17712.50","17722.95","29450.00"
"Mon Apr 24 2023 11:15:00 GMT+0530 (India Standard Time)","17722.50","17731.25","17718.95","17723.55","38800.00"
"Mon Apr 24 2023 11:25:00 GMT+0530 (India Standard Time)","17723.55","17726.25","17706.25","17712.70","25400.00"
"Mon Apr 24 2023 11:35:00 GMT+0530 (India Standard Time)","17712.70","17713.75","17700.00","17704.10","28850.00"
"Mon Apr 24 2023 11:45:00 GMT+0530 (India Standard Time)","17704.10","17706.40","17694.05","17704.50","43400.00"
"Mon Apr 24 2023 11:55:00 GMT+0530 (India Standard Time)","17704.50","17714.50","17702.20","17709.95","29750.00"
"Mon Apr 24 2023 12:05:00 GMT+0530 (India Standard Time)","17709.95","17719.70","17709.95","17718.75","33650.00"
"Mon Apr 24 2023 12:15:00 GMT+0530 (India Standard Time)","17718.75","17723.95","17711.60","17722.55","30650.00"
"Mon Apr 24 2023 12:25:00 GMT+0530 (India Standard Time)","17723.50","17734.00","17720.75","17734.00","28050.00"
"Mon Apr 24 2023 12:35:00 GMT+0530 (India Standard Time)","17734.50","17738.55","17727.65","17732.00","32700.00"
"Mon Apr 24 2023 12:45:00 GMT+0530 (India Standard Time)","17732.00","17752.00","17732.00","17752.00","41150.00"
"Mon Apr 24 2023 12:55:00 GMT+0530 (India Standard Time)","17752.00","17760.55","17750.00","17752.90","54550.00"
"Mon Apr 24 2023 13:05:00 GMT+0530 (India Standard Time)","17753.95","17762.00","17743.25","17762.00","37300.00"
"Mon Apr 24 2023 13:15:00 GMT+0530 (India Standard Time)","17762.00","17780.00","17762.00","17776.30","90900.00"
"Mon Apr 24 2023 13:25:00 GMT+0530 (India Standard Time)","17776.30","17789.45","17763.80","17780.65","46950.00"
"Mon Apr 24 2023 13:35:00 GMT+0530 (India Standard Time)","17782.50","17800.00","17780.65","17793.00","58900.00"
"Mon Apr 24 2023 13:45:00 GMT+0530 (India Standard Time)","17793.00","17795.90","17776.65","17781.00","41300.00"
"Mon Apr 24 2023 13:55:00 GMT+0530 (India Standard Time)","17781.00","17792.80","17774.40","17790.85","46150.00"
"Mon Apr 24 2023 14:05:00 GMT+0530 (India Standard Time)","17790.85","17800.00","17788.45","17796.45","44850.00"
"Mon Apr 24 2023 14:15:00 GMT+0530 (India Standard Time)","17796.45","17799.85","17783.25","17794.00","31050.00"
"Mon Apr 24 2023 14:25:00 GMT+0530 (India Standard Time)","17794.00","17798.80","17783.75","17783.75","43500.00"
"Mon Apr 24 2023 14:35:00 GMT+0530 (India Standard Time)","17783.80","17800.00","17780.00","17791.00","58150.00"
"Mon Apr 24 2023 14:45:00 GMT+0530 (India Standard Time)","17791.00","17816.00","17790.00","17813.50","60100.00"
"Mon Apr 24 2023 14:55:00 GMT+0530 (India Standard Time)","17815.00","17824.35","17812.00","17815.75","71450.00"
"Mon Apr 24 2023 15:05:00 GMT+0530 (India Standard Time)","17815.05","17825.00","17809.30","17823.80","84150.00"
"Mon Apr 24 2023 15:15:00 GMT+0530 (India Standard Time)","17823.00","17829.65","17821.00","17829.00","60200.00"
"Mon Apr 24 2023 15:25:00 GMT+0530 (India Standard Time)","17828.00","17831.70","17825.10","17830.00","47050.00"
"Tue Apr 25 2023 09:15:00 GMT+0530 (India Standard Time)","17830.05","17830.10","17796.90","17807.65","143700.00"
"Tue Apr 25 2023 09:25:00 GMT+0530 (India Standard Time)","17808.35","17816.00","17802.00","17815.30","91750.00"
"Tue Apr 25 2023 09:35:00 GMT+0530 (India Standard Time)","17815.80","17823.40","17810.25","17819.00","66750.00"
"Tue Apr 25 2023 09:45:00 GMT+0530 (India Standard Time)","17819.00","17829.50","17811.00","17820.05","64050.00"
"Tue Apr 25 2023 09:55:00 GMT+0530 (India Standard Time)","17820.05","17826.00","17810.00","17822.90","47250.00"
"Tue Apr 25 2023 10:05:00 GMT+0530 (India Standard Time)","17822.90","17835.30","17814.80","17835.30","59600.00"
"Tue Apr 25 2023 10:15:00 GMT+0530 (India Standard Time)","17834.85","17841.85","17831.20","17834.80","88950.00"
"Tue Apr 25 2023 10:25:00 GMT+0530 (India Standard Time)","17836.00","17846.75","17833.55","17841.00","72900.00"
"Tue Apr 25 2023 10:35:00 GMT+0530 (India Standard Time)","17841.00","17853.95","17835.15","17849.15","102000.00"
"Tue Apr 25 2023 10:45:00 GMT+0530 (India Standard Time)","17849.15","17854.65","17845.00","17847.50","37650.00"
"Tue Apr 25 2023 10:55:00 GMT+0530 (India Standard Time)","17847.00","17851.45","17835.55","17842.75","49650.00"
"Tue Apr 25 2023 11:05:00 GMT+0530 (India Standard Time)","17842.95","17862.00","17841.95","17859.05","53500.00"
"Tue Apr 25 2023 11:15:00 GMT+0530 (India Standard Time)","17859.05","17868.45","17856.00","17867.70","60650.00"
"Tue Apr 25 2023 11:25:00 GMT+0530 (India Standard Time)","17867.95","17872.00","17861.25","17871.50","56600.00"
"Tue Apr 25 2023 11:35:00 GMT+0530 (India Standard Time)","17872.00","17872.00","17860.35","17862.30","60700.00"
"Tue Apr 25 2023 11:45:00 GMT+0530 (India Standard Time)","17862.00","17867.60","17856.15","17859.00","50500.00"
"Tue Apr 25 2023 11:55:00 GMT+0530 (India Standard Time)","17859.00","17865.80","17858.00","17860.00","55700.00"
"Tue Apr 25 2023 12:05:00 GMT+0530 (India Standard Time)","17860.00","17864.45","17846.70","17855.00","35050.00"
"Tue Apr 25 2023 12:15:00 GMT+0530 (India Standard Time)","17854.95","17857.90","17847.00","17848.00","31250.00"
"Tue Apr 25 2023 12:25:00 GMT+0530 (India Standard Time)","17849.00","17852.90","17831.65","17835.85","90050.00"
"Tue Apr 25 2023 12:35:00 GMT+0530 (India Standard Time)","17835.95","17839.75","17825.00","17825.00","58550.00"
"Tue Apr 25 2023 12:45:00 GMT+0530 (India Standard Time)","17825.10","17847.80","17825.00","17838.55","232400.00"
"Tue Apr 25 2023 12:55:00 GMT+0530 (India Standard Time)","17838.55","17852.30","17837.80","17844.05","35550.00"
"Tue Apr 25 2023 13:05:00 GMT+0530 (India Standard Time)","17847.00","17854.00","17836.45","17854.00","26700.00"
"Tue Apr 25 2023 13:15:00 GMT+0530 (India Standard Time)","17855.00","17859.00","17849.40","17849.50","43450.00"
"Tue Apr 25 2023 13:25:00 GMT+0530 (India Standard Time)","17853.15","17855.00","17848.00","17853.00","30900.00"
"Tue Apr 25 2023 13:35:00 GMT+0530 (India Standard Time)","17853.50","17865.45","17853.00","17863.00","47200.00"
"Tue Apr 25 2023 13:45:00 GMT+0530 (India Standard Time)","17865.00","17865.00","17822.95","17827.00","55650.00"
"Tue Apr 25 2023 13:55:00 GMT+0530 (India Standard Time)","17826.55","17850.00","17826.55","17850.00","44250.00"
"Tue Apr 25 2023 14:05:00 GMT+0530 (India Standard Time)","17852.95","17871.70","17848.40","17869.55","63850.00"
"Tue Apr 25 2023 14:15:00 GMT+0530 (India Standard Time)","17870.05","17889.50","17869.55","17880.70","114050.00"
"Tue Apr 25 2023 14:25:00 GMT+0530 (India Standard Time)","17880.70","17885.40","17872.00","17872.00","89400.00"
"Tue Apr 25 2023 14:35:00 GMT+0530 (India Standard Time)","17872.00","17884.00","17871.10","17879.85","69050.00"
"Tue Apr 25 2023 14:45:00 GMT+0530 (India Standard Time)","17878.00","17880.70","17865.00","17872.90","159350.00"
"Tue Apr 25 2023 14:55:00 GMT+0530 (India Standard Time)","17872.55","17875.00","17856.00","17861.35","111850.00"
"Tue Apr 25 2023 15:05:00 GMT+0530 (India Standard Time)","17862.80","17865.00","17848.25","17860.50","109250.00"
"Tue Apr 25 2023 15:15:00 GMT+0530 (India Standard Time)","17860.50","17860.50","17842.10","17845.30","130750.00"
"Tue Apr 25 2023 15:25:00 GMT+0530 (India Standard Time)","17845.30","17851.00","17843.25","17845.00","69400.00"
"Wed Apr 26 2023 09:15:00 GMT+0530 (India Standard Time)","17831.95","17840.00","17808.35","17821.15","156400.00"
"Wed Apr 26 2023 09:25:00 GMT+0530 (India Standard Time)","17821.15","17823.00","17801.00","17802.05","152100.00"
"Wed Apr 26 2023 09:35:00 GMT+0530 (India Standard Time)","17802.10","17812.30","17800.45","17804.40","248900.00"
"Wed Apr 26 2023 09:45:00 GMT+0530 (India Standard Time)","17804.40","17804.40","17790.55","17794.00","92750.00"
"Wed Apr 26 2023 09:55:00 GMT+0530 (India Standard Time)","17797.10","17819.45","17794.00","17817.00","110100.00"
"Wed Apr 26 2023 10:05:00 GMT+0530 (India Standard Time)","17817.50","17835.00","17816.00","17829.95","106700.00"
"Wed Apr 26 2023 10:15:00 GMT+0530 (India Standard Time)","17830.00","17842.90","17828.00","17841.15","107900.00"
"Wed Apr 26 2023 10:25:00 GMT+0530 (India Standard Time)","17841.00","17845.00","17836.00","17839.00","117500.00"
"Wed Apr 26 2023 10:35:00 GMT+0530 (India Standard Time)","17838.85","17844.00","17830.00","17836.60","120550.00"
"Wed Apr 26 2023 10:45:00 GMT+0530 (India Standard Time)","17836.65","17840.00","17828.10","17839.60","73650.00"
"Wed Apr 26 2023 10:55:00 GMT+0530 (India Standard Time)","17839.75","17849.00","17831.65","17849.00","64650.00"
"Wed Apr 26 2023 11:05:00 GMT+0530 (India Standard Time)","17848.45","17858.00","17847.65","17854.60","121050.00"
"Wed Apr 26 2023 11:15:00 GMT+0530 (India Standard Time)","17854.45","17861.90","17850.35","17851.75","73000.00"
"Wed Apr 26 2023 11:25:00 GMT+0530 (India Standard Time)","17854.55","17859.95","17850.80","17857.70","61450.00"
"Wed Apr 26 2023 11:35:00 GMT+0530 (India Standard Time)","17857.70","17859.00","17851.00","17855.00","63800.00"
"Wed Apr 26 2023 11:45:00 GMT+0530 (India Standard Time)","17855.60","17862.00","17851.00","17857.90","46150.00"
"Wed Apr 26 2023 11:55:00 GMT+0530 (India Standard Time)","17856.25","17869.40","17855.00","17866.00","65800.00"
"Wed Apr 26 2023 12:05:00 GMT+0530 (India Standard Time)","17866.55","17867.95","17851.40","17851.40","47350.00"
"Wed Apr 26 2023 12:15:00 GMT+0530 (India Standard Time)","17851.40","17865.00","17850.00","17861.40","109400.00"
"Wed Apr 26 2023 12:25:00 GMT+0530 (India Standard Time)","17864.00","17875.00","17861.65","17870.00","55500.00"
"Wed Apr 26 2023 12:35:00 GMT+0530 (India Standard Time)","17872.00","17888.65","17870.05","17880.00","92350.00"
"Wed Apr 26 2023 12:45:00 GMT+0530 (India Standard Time)","17880.85","17881.65","17862.25","17866.25","110000.00"
"Wed Apr 26 2023 12:55:00 GMT+0530 (India Standard Time)","17867.00","17867.15","17852.00","17854.20","94850.00"
"Wed Apr 26 2023 13:05:00 GMT+0530 (India Standard Time)","17856.70","17864.35","17852.00","17854.40","51850.00"
"Wed Apr 26 2023 13:15:00 GMT+0530 (India Standard Time)","17854.40","17860.50","17840.00","17841.00","235050.00"
"Wed Apr 26 2023 13:25:00 GMT+0530 (India Standard Time)","17843.70","17871.80","17840.05","17856.70","107200.00"
"Wed Apr 26 2023 13:35:00 GMT+0530 (India Standard Time)","17860.00","17860.65","17850.65","17852.00","58050.00"
"Wed Apr 26 2023 13:45:00 GMT+0530 (India Standard Time)","17852.00","17868.00","17852.00","17865.00","48900.00"
"Wed Apr 26 2023 13:55:00 GMT+0530 (India Standard Time)","17865.00","17872.95","17863.00","17870.00","59750.00"
"Wed Apr 26 2023 14:05:00 GMT+0530 (India Standard Time)","17872.70","17878.70","17862.05","17878.70","83650.00"
"Wed Apr 26 2023 14:15:00 GMT+0530 (India Standard Time)","17878.75","17882.95","17860.05","17861.90","79700.00"
"Wed Apr 26 2023 14:25:00 GMT+0530 (India Standard Time)","17862.00","17869.90","17857.00","17861.30","54600.00"
"Wed Apr 26 2023 14:35:00 GMT+0530 (India Standard Time)","17861.30","17868.00","17855.05","17864.25","52700.00"
"Wed Apr 26 2023 14:45:00 GMT+0530 (India Standard Time)","17862.95","17869.95","17860.50","17862.05","72550.00"
"Wed Apr 26 2023 14:55:00 GMT+0530 (India Standard Time)","17864.55","17884.00","17858.20","17879.95","138100.00"
"Wed Apr 26 2023 15:05:00 GMT+0530 (India Standard Time)","17877.35","17900.00","17875.40","17897.95","430950.00"
"Wed Apr 26 2023 15:15:00 GMT+0530 (India Standard Time)","17896.10","17900.00","17885.60","17898.30","214950.00"
"Wed Apr 26 2023 15:25:00 GMT+0530 (India Standard Time)","17897.45","17899.60","17893.95","17894.50","167650.00"
"Thu Apr 27 2023 09:15:00 GMT+0530 (India Standard Time)","17889.65","17901.05","17870.35","17895.00","248250.00"
"Thu Apr 27 2023 09:25:00 GMT+0530 (India Standard Time)","17894.00","17904.40","17887.00","17894.20","168350.00"
"Thu Apr 27 2023 09:35:00 GMT+0530 (India Standard Time)","17895.75","17911.00","17879.30","17903.75","158350.00"
"Thu Apr 27 2023 09:45:00 GMT+0530 (India Standard Time)","17903.75","17916.25","17897.05","17915.45","103150.00"
"Thu Apr 27 2023 09:55:00 GMT+0530 (India Standard Time)","17915.30","17918.85","17909.40","17913.00","110350.00"
"Thu Apr 27 2023 10:05:00 GMT+0530 (India Standard Time)","17912.00","17915.50","17901.50","17904.65","92400.00"
"Thu Apr 27 2023 10:15:00 GMT+0530 (India Standard Time)","17905.00","17909.95","17899.05","17903.00","73250.00"
"Thu Apr 27 2023 10:25:00 GMT+0530 (India Standard Time)","17903.00","17922.95","17902.35","17921.00","85550.00"
"Thu Apr 27 2023 10:35:00 GMT+0530 (India Standard Time)","17920.00","17925.00","17912.00","17912.00","73100.00"
"Thu Apr 27 2023 10:45:00 GMT+0530 (India Standard Time)","17912.00","17915.00","17899.30","17910.60","95050.00"
"Thu Apr 27 2023 10:55:00 GMT+0530 (India Standard Time)","17910.60","17914.80","17907.00","17908.95","50500.00"
"Thu Apr 27 2023 11:05:00 GMT+0530 (India Standard Time)","17908.95","17919.95","17907.00","17914.35","83800.00"
"Thu Apr 27 2023 11:15:00 GMT+0530 (India Standard Time)","17914.20","17925.00","17911.95","17922.95","92750.00"
"Thu Apr 27 2023 11:25:00 GMT+0530 (India Standard Time)","17923.65","17934.40","17922.10","17932.00","117750.00"
"Thu Apr 27 2023 11:35:00 GMT+0530 (India Standard Time)","17933.00","17933.00","17922.00","17929.15","123850.00"
"Thu Apr 27 2023 11:45:00 GMT+0530 (India Standard Time)","17929.15","17939.00","17924.15","17938.35","166500.00"
"Thu Apr 27 2023 11:55:00 GMT+0530 (India Standard Time)","17938.25","17939.50","17933.00","17935.20","87800.00"
"Thu Apr 27 2023 12:05:00 GMT+0530 (India Standard Time)","17935.20","17939.00","17930.00","17931.15","86150.00"
"Thu Apr 27 2023 12:15:00 GMT+0530 (India Standard Time)","17933.40","17933.75","17920.20","17928.80","107450.00"
"Thu Apr 27 2023 12:25:00 GMT+0530 (India Standard Time)","17927.60","17937.00","17926.70","17933.75","85650.00"
"Thu Apr 27 2023 12:35:00 GMT+0530 (India Standard Time)","17933.75","17935.90","17925.05","17934.35","73750.00"
"Thu Apr 27 2023 12:45:00 GMT+0530 (India Standard Time)","17934.35","17941.35","17932.00","17935.30","104600.00"
"Thu Apr 27 2023 12:55:00 GMT+0530 (India Standard Time)","17935.30","17935.30","17923.00","17931.15","102000.00"
"Thu Apr 27 2023 13:05:00 GMT+0530 (India Standard Time)","17931.40","17936.75","17923.15","17935.00","73600.00"
"Thu Apr 27 2023 13:15:00 GMT+0530 (India Standard Time)","17936.85","17962.00","17935.45","17956.85","232400.00"
"Thu Apr 27 2023 13:25:00 GMT+0530 (India Standard Time)","17956.00","17966.45","17952.00","17960.25","211700.00"
"Thu Apr 27 2023 13:35:00 GMT+0530 (India Standard Time)","17962.60","17965.40","17955.50","17960.00","115550.00"
"Thu Apr 27 2023 13:45:00 GMT+0530 (India Standard Time)","17959.95","17964.85","17952.65","17956.95","102950.00"
"Thu Apr 27 2023 13:55:00 GMT+0530 (India Standard Time)","17956.95","17967.90","17954.80","17964.40","205750.00"
"Thu Apr 27 2023 14:05:00 GMT+0530 (India Standard Time)","17964.80","17965.60","17960.00","17960.35","107900.00"
"Thu Apr 27 2023 14:15:00 GMT+0530 (India Standard Time)","17960.50","17961.00","17934.60","17949.30","217100.00"
"Thu Apr 27 2023 14:25:00 GMT+0530 (India Standard Time)","17949.60","17962.55","17941.60","17960.45","123550.00"
"Thu Apr 27 2023 14:35:00 GMT+0530 (India Standard Time)","17960.80","17978.20","17958.60","17978.20","231950.00"
"Thu Apr 27 2023 14:45:00 GMT+0530 (India Standard Time)","17978.30","17982.00","17959.00","17964.80","296900.00"
"Thu Apr 27 2023 14:55:00 GMT+0530 (India Standard Time)","17964.70","17978.15","17960.55","17973.55","296750.00"
"Thu Apr 27 2023 15:05:00 GMT+0530 (India Standard Time)","17974.50","17999.00","17972.25","17997.55","420650.00"
"Thu Apr 27 2023 15:15:00 GMT+0530 (India Standard Time)","17997.35","17999.95","17990.10","17998.55","558150.00"
"Thu Apr 27 2023 15:25:00 GMT+0530 (India Standard Time)","17998.50","18000.00","17990.20","17990.20","325750.00"
"Fri Apr 28 2023 09:15:00 GMT+0530 (India Standard Time)","18030.25","18049.00","17988.40","17992.20","663300.00"
"Fri Apr 28 2023 09:25:00 GMT+0530 (India Standard Time)","17993.45","18007.95","17985.60","18003.00","341300.00"
"Fri Apr 28 2023 09:35:00 GMT+0530 (India Standard Time)","18002.10","18006.00","17996.20","18001.60","133800.00"
"Fri Apr 28 2023 09:45:00 GMT+0530 (India Standard Time)","18002.10","18013.85","17993.85","18008.75","122900.00"
"Fri Apr 28 2023 09:55:00 GMT+0530 (India Standard Time)","18008.90","18010.35","17997.20","18000.00","75800.00"
"Fri Apr 28 2023 10:05:00 GMT+0530 (India Standard Time)","18001.00","18001.00","17966.00","17970.40","247300.00"
"Fri Apr 28 2023 10:15:00 GMT+0530 (India Standard Time)","17970.00","17986.00","17965.00","17985.05","169700.00"
"Fri Apr 28 2023 10:25:00 GMT+0530 (India Standard Time)","17985.05","17999.80","17983.25","17994.00","101800.00"
"Fri Apr 28 2023 10:35:00 GMT+0530 (India Standard Time)","17994.65","18004.00","17992.05","17996.60","86400.00"
"Fri Apr 28 2023 10:45:00 GMT+0530 (India Standard Time)","17996.60","18023.75","17993.00","18017.20","124450.00"
"Fri Apr 28 2023 10:55:00 GMT+0530 (India Standard Time)","18017.40","18035.00","18017.20","18032.00","135350.00"
"Fri Apr 28 2023 11:05:00 GMT+0530 (India Standard Time)","18032.00","18043.00","18031.55","18040.35","130700.00"
"Fri Apr 28 2023 11:15:00 GMT+0530 (India Standard Time)","18043.00","18044.70","18025.20","18034.85","92100.00"
"Fri Apr 28 2023 11:25:00 GMT+0530 (India Standard Time)","18034.00","18041.70","18028.00","18028.55","62300.00"
"Fri Apr 28 2023 11:35:00 GMT+0530 (India Standard Time)","18028.55","18044.70","18026.15","18043.65","71850.00"
"Fri Apr 28 2023 11:45:00 GMT+0530 (India Standard Time)","18043.65","18047.40","18037.00","18045.00","62100.00"
"Fri Apr 28 2023 11:55:00 GMT+0530 (India Standard Time)","18045.00","18048.85","18040.00","18044.05","144500.00"
"Fri Apr 28 2023 12:05:00 GMT+0530 (India Standard Time)","18044.05","18053.00","18042.50","18048.65","116800.00"
"Fri Apr 28 2023 12:15:00 GMT+0530 (India Standard Time)","18047.75","18052.00","18043.55","18047.85","89500.00"
"Fri Apr 28 2023 12:25:00 GMT+0530 (India Standard Time)","18048.55","18057.50","18044.05","18053.00","81250.00"
"Fri Apr 28 2023 12:35:00 GMT+0530 (India Standard Time)","18052.95","18060.00","18045.70","18053.70","74200.00"
"Fri Apr 28 2023 12:45:00 GMT+0530 (India Standard Time)","18054.20","18056.75","18036.00","18047.50","92800.00"
"Fri Apr 28 2023 12:55:00 GMT+0530 (India Standard Time)","18047.05","18052.50","18037.45","18047.70","90700.00"
"Fri Apr 28 2023 13:05:00 GMT+0530 (India Standard Time)","18048.95","18058.70","18045.00","18053.00","53850.00"
"Fri Apr 28 2023 13:15:00 GMT+0530 (India Standard Time)","18053.00","18062.80","18048.05","18057.15","72450.00"
"Fri Apr 28 2023 13:25:00 GMT+0530 (India Standard Time)","18056.95","18062.00","18042.20","18046.35","103450.00"
"Fri Apr 28 2023 13:35:00 GMT+0530 (India Standard Time)","18046.65","18053.85","18045.00","18050.20","59350.00"
"Fri Apr 28 2023 13:45:00 GMT+0530 (India Standard Time)","18050.00","18052.00","18040.15","18043.85","52950.00"
"Fri Apr 28 2023 13:55:00 GMT+0530 (India Standard Time)","18043.85","18063.90","18042.25","18053.35","94150.00"
"Fri Apr 28 2023 14:05:00 GMT+0530 (India Standard Time)","18053.80","18056.70","18040.15","18051.30","117450.00"
"Fri Apr 28 2023 14:15:00 GMT+0530 (India Standard Time)","18052.65","18053.15","18033.80","18038.05","110550.00"
"Fri Apr 28 2023 14:25:00 GMT+0530 (India Standard Time)","18038.50","18055.00","18028.70","18054.05","153250.00"
"Fri Apr 28 2023 14:35:00 GMT+0530 (India Standard Time)","18054.20","18065.50","18047.95","18065.00","154750.00"
"Fri Apr 28 2023 14:45:00 GMT+0530 (India Standard Time)","18063.35","18071.65","18060.20","18067.95","180800.00"
"Fri Apr 28 2023 14:55:00 GMT+0530 (India Standard Time)","18067.95","18103.95","18056.05","18102.50","355200.00"
"Fri Apr 28 2023 15:05:00 GMT+0530 (India Standard Time)","18102.75","18125.00","18098.70","18119.70","494950.00"
"Fri Apr 28 2023 15:15:00 GMT+0530 (India Standard Time)","18118.05","18128.50","18114.60","18116.15","442400.00"
"Fri Apr 28 2023 15:25:00 GMT+0530 (India Standard Time)","18115.90","18117.45","18111.05","18113.20","224150.00"
"Tue May 02 2023 09:15:00 GMT+0530 (India Standard Time)","18180.45","18212.55","18180.45","18202.00","1062700.00"
"Tue May 02 2023 09:25:00 GMT+0530 (India Standard Time)","18203.15","18242.00","18198.10","18229.15","439350.00"
"Tue May 02 2023 09:35:00 GMT+0530 (India Standard Time)","18227.10","18238.00","18226.10","18230.45","290550.00"
"Tue May 02 2023 09:45:00 GMT+0530 (India Standard Time)","18230.30","18235.75","18214.00","18220.60","200450.00"
"Tue May 02 2023 09:55:00 GMT+0530 (India Standard Time)","18220.60","18232.80","18216.00","18228.55","119650.00"
"Tue May 02 2023 10:05:00 GMT+0530 (India Standard Time)","18230.00","18247.25","18228.55","18236.30","195100.00"
"Tue May 02 2023 10:15:00 GMT+0530 (India Standard Time)","18235.05","18238.70","18224.00","18225.55","139400.00"
"Tue May 02 2023 10:25:00 GMT+0530 (India Standard Time)","18225.55","18227.80","18210.00","18222.60","149800.00"
"Tue May 02 2023 10:35:00 GMT+0530 (India Standard Time)","18223.00","18236.00","18219.25","18222.15","90900.00"
"Tue May 02 2023 10:45:00 GMT+0530 (India Standard Time)","18222.05","18229.80","18217.80","18225.60","52300.00"
"Tue May 02 2023 10:55:00 GMT+0530 (India Standard Time)","18225.60","18242.00","18220.15","18235.85","71300.00"
"Tue May 02 2023 11:05:00 GMT+0530 (India Standard Time)","18236.00","18237.70","18196.50","18203.70","169450.00"
"Tue May 02 2023 11:15:00 GMT+0530 (India Standard Time)","18204.75","18217.00","18198.60","18213.90","114900.00"
"Tue May 02 2023 11:25:00 GMT+0530 (India Standard Time)","18213.45","18225.20","18210.00","18223.10","78200.00"
"Tue May 02 2023 11:35:00 GMT+0530 (India Standard Time)","18223.30","18225.00","18215.65","18222.20","47200.00"
"Tue May 02 2023 11:45:00 GMT+0530 (India Standard Time)","18221.95","18229.95","18218.15","18223.60","46200.00"
"Tue May 02 2023 11:55:00 GMT+0530 (India Standard Time)","18225.00","18229.45","18218.00","18224.00","47200.00"
"Tue May 02 2023 12:05:00 GMT+0530 (India Standard Time)","18224.00","18235.00","18223.00","18233.00","165800.00"
"Tue May 02 2023 12:15:00 GMT+0530 (India Standard Time)","18232.00","18234.00","18215.55","18216.05","42600.00"
"Tue May 02 2023 12:25:00 GMT+0530 (India Standard Time)","18216.10","18230.55","18208.55","18229.95","72150.00"
"Tue May 02 2023 12:35:00 GMT+0530 (India Standard Time)","18229.95","18233.70","18220.60","18226.30","36400.00"
"Tue May 02 2023 12:45:00 GMT+0530 (India Standard Time)","18227.80","18233.60","18223.05","18228.15","41250.00"
"Tue May 02 2023 12:55:00 GMT+0530 (India Standard Time)","18228.15","18238.30","18225.90","18230.60","53400.00"
"Tue May 02 2023 13:05:00 GMT+0530 (India Standard Time)","18230.60","18244.50","18230.00","18238.00","51800.00"
"Tue May 02 2023 13:15:00 GMT+0530 (India Standard Time)","18238.00","18244.00","18230.00","18232.65","51150.00"
"Tue May 02 2023 13:25:00 GMT+0530 (India Standard Time)","18232.65","18234.95","18222.50","18226.35","50250.00"
"Tue May 02 2023 13:35:00 GMT+0530 (India Standard Time)","18226.35","18229.50","18217.95","18225.40","90450.00"
"Tue May 02 2023 13:45:00 GMT+0530 (India Standard Time)","18227.00","18236.60","18224.85","18230.80","69550.00"
"Tue May 02 2023 13:55:00 GMT+0530 (India Standard Time)","18230.25","18238.00","18228.95","18230.00","45200.00"
"Tue May 02 2023 14:05:00 GMT+0530 (India Standard Time)","18229.00","18237.90","18222.30","18234.40","56900.00"
"Tue May 02 2023 14:15:00 GMT+0530 (India Standard Time)","18234.40","18235.90","18222.00","18223.80","47250.00"
"Tue May 02 2023 14:25:00 GMT+0530 (India Standard Time)","18223.80","18242.00","18221.85","18234.25","75900.00"
"Tue May 02 2023 14:35:00 GMT+0530 (India Standard Time)","18235.00","18240.00","18225.25","18227.35","75450.00"
"Tue May 02 2023 14:45:00 GMT+0530 (India Standard Time)","18227.40","18232.60","18202.95","18225.50","131450.00"
"Tue May 02 2023 14:55:00 GMT+0530 (India Standard Time)","18223.20","18233.65","18210.95","18219.70","134550.00"
"Tue May 02 2023 15:05:00 GMT+0530 (India Standard Time)","18220.00","18229.90","18211.10","18212.30","208650.00"
"Tue May 02 2023 15:15:00 GMT+0530 (India Standard Time)","18213.10","18214.90","18201.00","18208.30","280100.00"
"Tue May 02 2023 15:25:00 GMT+0530 (India Standard Time)","18206.70","18211.70","18202.00","18202.00","189850.00"
"Wed May 03 2023 09:15:00 GMT+0530 (India Standard Time)","18154.90","18154.90","18121.75","18129.45","615150.00"
"Wed May 03 2023 09:25:00 GMT+0530 (India Standard Time)","18129.05","18141.95","18114.50","18132.20","341200.00"
"Wed May 03 2023 09:35:00 GMT+0530 (India Standard Time)","18131.80","18148.00","18130.65","18143.00","185250.00"
"Wed May 03 2023 09:45:00 GMT+0530 (India Standard Time)","18143.00","18153.00","18135.45","18151.00","199450.00"
"Wed May 03 2023 09:55:00 GMT+0530 (India Standard Time)","18151.00","18159.00","18144.65","18153.95","102000.00"
"Wed May 03 2023 10:05:00 GMT+0530 (India Standard Time)","18153.70","18156.55","18148.25","18151.40","72150.00"
"Wed May 03 2023 10:15:00 GMT+0530 (India Standard Time)","18154.00","18164.80","18151.10","18157.00","146200.00"
"Wed May 03 2023 10:25:00 GMT+0530 (India Standard Time)","18157.00","18165.00","18155.00","18163.00","51150.00"
"Wed May 03 2023 10:35:00 GMT+0530 (India Standard Time)","18163.00","18174.00","18160.10","18172.20","81550.00"
"Wed May 03 2023 10:45:00 GMT+0530 (India Standard Time)","18172.00","18180.00","18168.00","18170.10","138950.00"
"Wed May 03 2023 10:55:00 GMT+0530 (India Standard Time)","18170.10","18175.00","18160.30","18162.55","86650.00"
"Wed May 03 2023 11:05:00 GMT+0530 (India Standard Time)","18162.30","18163.35","18143.25","18143.75","142500.00"
"Wed May 03 2023 11:15:00 GMT+0530 (India Standard Time)","18144.30","18149.65","18141.10","18147.35","119550.00"
"Wed May 03 2023 11:25:00 GMT+0530 (India Standard Time)","18147.35","18153.60","18145.80","18153.25","42750.00"
"Wed May 03 2023 11:35:00 GMT+0530 (India Standard Time)","18153.25","18154.05","18136.10","18138.05","60650.00"
"Wed May 03 2023 11:45:00 GMT+0530 (India Standard Time)","18137.45","18147.90","18131.00","18142.65","107600.00"
"Wed May 03 2023 11:55:00 GMT+0530 (India Standard Time)","18144.00","18150.00","18137.20","18147.15","46100.00"
"Wed May 03 2023 12:05:00 GMT+0530 (India Standard Time)","18146.35","18149.90","18135.30","18137.35","65000.00"
"Wed May 03 2023 12:15:00 GMT+0530 (India Standard Time)","18137.35","18141.00","18130.05","18134.40","69200.00"
"Wed May 03 2023 12:25:00 GMT+0530 (India Standard Time)","18134.40","18146.80","18131.00","18145.20","94450.00"
"Wed May 03 2023 12:35:00 GMT+0530 (India Standard Time)","18145.10","18148.85","18136.10","18138.00","62350.00"
"Wed May 03 2023 12:45:00 GMT+0530 (India Standard Time)","18141.00","18160.15","18139.65","18156.85","95450.00"
"Wed May 03 2023 12:55:00 GMT+0530 (India Standard Time)","18154.95","18163.00","18150.45","18160.10","55350.00"
"Wed May 03 2023 13:05:00 GMT+0530 (India Standard Time)","18158.60","18165.00","18146.10","18148.00","65400.00"
"Wed May 03 2023 13:15:00 GMT+0530 (India Standard Time)","18146.60","18160.00","18144.00","18151.25","73850.00"
"Wed May 03 2023 13:25:00 GMT+0530 (India Standard Time)","18151.35","18163.80","18149.00","18149.00","73350.00"
"Wed May 03 2023 13:35:00 GMT+0530 (India Standard Time)","18149.00","18156.35","18141.05","18143.95","62000.00"
"Wed May 03 2023 13:45:00 GMT+0530 (India Standard Time)","18147.55","18147.90","18103.00","18108.80","310550.00"
"Wed May 03 2023 13:55:00 GMT+0530 (India Standard Time)","18104.25","18145.10","18100.30","18140.00","692650.00"
"Wed May 03 2023 14:05:00 GMT+0530 (India Standard Time)","18140.00","18147.55","18119.70","18132.50","1144250.00"
"Wed May 03 2023 14:15:00 GMT+0530 (India Standard Time)","18132.50","18139.45","18126.00","18138.00","54150.00"
"Wed May 03 2023 14:25:00 GMT+0530 (India Standard Time)","18138.00","18160.05","18135.85","18154.05","130700.00"
"Wed May 03 2023 14:35:00 GMT+0530 (India Standard Time)","18158.20","18160.30","18145.65","18146.95","135450.00"
"Wed May 03 2023 14:45:00 GMT+0530 (India Standard Time)","18148.00","18156.30","18145.40","18148.65","89700.00"
"Wed May 03 2023 14:55:00 GMT+0530 (India Standard Time)","18148.10","18151.25","18129.05","18147.00","185950.00"
"Wed May 03 2023 15:05:00 GMT+0530 (India Standard Time)","18147.00","18163.60","18138.05","18161.15","154400.00"
"Wed May 03 2023 15:15:00 GMT+0530 (India Standard Time)","18160.85","18163.30","18151.00","18151.25","213500.00"
"Wed May 03 2023 15:25:00 GMT+0530 (India Standard Time)","18152.10","18153.05","18142.00","18147.30","167100.00"
"Thu May 04 2023 09:15:00 GMT+0530 (India Standard Time)","18119.85","18161.55","18113.15","18159.80","444950.00"
"Thu May 04 2023 09:25:00 GMT+0530 (India Standard Time)","18158.95","18167.75","18151.35","18163.00","201250.00"
"Thu May 04 2023 09:35:00 GMT+0530 (India Standard Time)","18162.95","18163.00","18147.25","18160.00","178450.00"
"Thu May 04 2023 09:45:00 GMT+0530 (India Standard Time)","18160.00","18165.70","18155.55","18160.15","90500.00"
"Thu May 04 2023 09:55:00 GMT+0530 (India Standard Time)","18159.90","18180.00","18156.00","18179.70","202450.00"
"Thu May 04 2023 10:05:00 GMT+0530 (India Standard Time)","18179.00","18182.45","18173.65","18176.40","82500.00"
"Thu May 04 2023 10:15:00 GMT+0530 (India Standard Time)","18179.00","18180.45","18173.50","18175.00","62550.00"
"Thu May 04 2023 10:25:00 GMT+0530 (India Standard Time)","18175.00","18188.60","18175.00","18184.00","96300.00"
"Thu May 04 2023 10:35:00 GMT+0530 (India Standard Time)","18182.90","18194.70","18182.90","18193.85","85950.00"
"Thu May 04 2023 10:45:00 GMT+0530 (India Standard Time)","18195.00","18195.00","18187.00","18189.00","64800.00"
"Thu May 04 2023 10:55:00 GMT+0530 (India Standard Time)","18190.00","18204.70","18188.50","18203.00","114750.00"
"Thu May 04 2023 11:05:00 GMT+0530 (India Standard Time)","18203.40","18208.75","18196.40","18206.60","73150.00"
"Thu May 04 2023 11:15:00 GMT+0530 (India Standard Time)","18206.60","18209.85","18199.30","18200.00","59450.00"
"Thu May 04 2023 11:25:00 GMT+0530 (India Standard Time)","18200.00","18204.95","18192.15","18203.05","78050.00"
"Thu May 04 2023 11:35:00 GMT+0530 (India Standard Time)","18203.05","18217.55","18203.05","18214.00","132400.00"
"Thu May 04 2023 11:45:00 GMT+0530 (India Standard Time)","18213.90","18214.00","18201.60","18205.00","42750.00"
"Thu May 04 2023 11:55:00 GMT+0530 (India Standard Time)","18204.70","18214.00","18202.40","18209.95","37700.00"
"Thu May 04 2023 12:05:00 GMT+0530 (India Standard Time)","18209.95","18212.00","18202.00","18202.00","59200.00"
"Thu May 04 2023 12:15:00 GMT+0530 (India Standard Time)","18202.00","18221.00","18201.20","18218.50","104150.00"
"Thu May 04 2023 12:25:00 GMT+0530 (India Standard Time)","18218.00","18222.20","18213.85","18216.20","53150.00"
"Thu May 04 2023 12:35:00 GMT+0530 (India Standard Time)","18216.20","18222.30","18210.00","18221.00","53500.00"
"Thu May 04 2023 12:45:00 GMT+0530 (India Standard Time)","18220.00","18223.45","18215.00","18221.70","127350.00"
"Thu May 04 2023 12:55:00 GMT+0530 (India Standard Time)","18221.70","18236.90","18213.55","18236.35","116600.00"
"Thu May 04 2023 13:05:00 GMT+0530 (India Standard Time)","18237.00","18250.00","18232.75","18242.10","320000.00"
"Thu May 04 2023 13:15:00 GMT+0530 (India Standard Time)","18244.70","18246.00","18233.95","18238.75","102300.00"
"Thu May 04 2023 13:25:00 GMT+0530 (India Standard Time)","18238.75","18247.45","18237.30","18242.05","76600.00"
"Thu May 04 2023 13:35:00 GMT+0530 (India Standard Time)","18242.60","18245.00","18237.55","18245.00","52500.00"
"Thu May 04 2023 13:45:00 GMT+0530 (India Standard Time)","18245.00","18249.95","18240.00","18243.00","64650.00"
"Thu May 04 2023 13:55:00 GMT+0530 (India Standard Time)","18243.50","18248.65","18230.00","18240.75","103000.00"
"Thu May 04 2023 14:05:00 GMT+0530 (India Standard Time)","18240.55","18246.45","18233.15","18237.00","135800.00"
"Thu May 04 2023 14:15:00 GMT+0530 (India Standard Time)","18237.45","18255.50","18235.65","18255.50","124850.00"
"Thu May 04 2023 14:25:00 GMT+0530 (India Standard Time)","18255.40","18258.00","18248.95","18254.95","128850.00"
"Thu May 04 2023 14:35:00 GMT+0530 (India Standard Time)","18255.05","18273.00","18254.50","18265.75","200350.00"
"Thu May 04 2023 14:45:00 GMT+0530 (India Standard Time)","18265.70","18280.30","18264.25","18278.00","179350.00"
"Thu May 04 2023 14:55:00 GMT+0530 (India Standard Time)","18279.00","18305.55","18276.50","18298.90","364000.00"
"Thu May 04 2023 15:05:00 GMT+0530 (India Standard Time)","18297.05","18315.30","18294.25","18306.55","396400.00"
"Thu May 04 2023 15:15:00 GMT+0530 (India Standard Time)","18306.15","18307.50","18280.20","18282.05","601000.00"
"Thu May 04 2023 15:25:00 GMT+0530 (India Standard Time)","18282.75","18287.00","18277.00","18287.00","308800.00"
"Fri May 05 2023 09:15:00 GMT+0530 (India Standard Time)","18180.00","18247.35","18180.00","18217.05","961600.00"
"Fri May 05 2023 09:25:00 GMT+0530 (India Standard Time)","18215.35","18234.25","18206.95","18231.25","307100.00"
"Fri May 05 2023 09:35:00 GMT+0530 (India Standard Time)","18231.00","18235.45","18220.05","18224.10","228700.00"
"Fri May 05 2023 09:45:00 GMT+0530 (India Standard Time)","18224.30","18232.20","18221.55","18230.10","136450.00"
"Fri May 05 2023 09:55:00 GMT+0530 (India Standard Time)","18230.10","18245.00","18228.60","18241.20","196650.00"
"Fri May 05 2023 10:05:00 GMT+0530 (India Standard Time)","18242.40","18255.85","18241.00","18252.00","131650.00"
"Fri May 05 2023 10:15:00 GMT+0530 (India Standard Time)","18251.20","18260.75","18242.10","18255.65","138850.00"
"Fri May 05 2023 10:25:00 GMT+0530 (India Standard Time)","18255.60","18265.30","18251.00","18252.00","129200.00"
"Fri May 05 2023 10:35:00 GMT+0530 (India Standard Time)","18251.20","18265.00","18251.20","18264.60","99650.00"
"Fri May 05 2023 10:45:00 GMT+0530 (India Standard Time)","18264.65","18266.90","18257.30","18264.00","75150.00"
"Fri May 05 2023 10:55:00 GMT+0530 (India Standard Time)","18263.00","18265.00","18230.55","18235.80","159150.00"
"Fri May 05 2023 11:05:00 GMT+0530 (India Standard Time)","18235.80","18239.55","18191.30","18207.15","469050.00"
"Fri May 05 2023 11:15:00 GMT+0530 (India Standard Time)","18204.00","18207.15","18155.70","18170.00","580050.00"
"Fri May 05 2023 11:25:00 GMT+0530 (India Standard Time)","18167.80","18189.90","18166.75","18185.85","189650.00"
"Fri May 05 2023 11:35:00 GMT+0530 (India Standard Time)","18186.00","18196.70","18176.95","18188.55","128600.00"
"Fri May 05 2023 11:45:00 GMT+0530 (India Standard Time)","18188.55","18188.55","18138.95","18150.00","348250.00"
"Fri May 05 2023 11:55:00 GMT+0530 (India Standard Time)","18150.00","18158.00","18126.55","18137.45","323300.00"
"Fri May 05 2023 12:05:00 GMT+0530 (India Standard Time)","18137.00","18177.35","18135.20","18175.45","267800.00"
"Fri May 05 2023 12:15:00 GMT+0530 (India Standard Time)","18177.30","18195.25","18166.30","18185.25","185950.00"
"Fri May 05 2023 12:25:00 GMT+0530 (India Standard Time)","18186.00","18204.10","18176.15","18193.50","122450.00"
"Fri May 05 2023 12:35:00 GMT+0530 (India Standard Time)","18193.50","18200.00","18176.00","18195.05","99550.00"
"Fri May 05 2023 12:45:00 GMT+0530 (India Standard Time)","18195.35","18213.00","18187.65","18211.00","147400.00"
"Fri May 05 2023 12:55:00 GMT+0530 (India Standard Time)","18212.20","18222.80","18173.85","18175.55","153150.00"
"Fri May 05 2023 13:05:00 GMT+0530 (India Standard Time)","18174.30","18203.00","18172.30","18201.90","81950.00"
"Fri May 05 2023 13:15:00 GMT+0530 (India Standard Time)","18201.90","18206.00","18186.05","18202.05","52350.00"
"Fri May 05 2023 13:25:00 GMT+0530 (India Standard Time)","18202.05","18215.60","18188.00","18189.40","84450.00"
"Fri May 05 2023 13:35:00 GMT+0530 (India Standard Time)","18188.00","18202.20","18178.95","18192.60","116950.00"
"Fri May 05 2023 13:45:00 GMT+0530 (India Standard Time)","18192.20","18192.60","18153.00","18161.80","216450.00"
"Fri May 05 2023 13:55:00 GMT+0530 (India Standard Time)","18165.00","18190.00","18161.80","18178.00","96600.00"
"Fri May 05 2023 14:05:00 GMT+0530 (India Standard Time)","18177.80","18197.85","18171.10","18195.10","87300.00"
"Fri May 05 2023 14:15:00 GMT+0530 (India Standard Time)","18196.85","18204.90","18185.90","18195.00","126000.00"
"Fri May 05 2023 14:25:00 GMT+0530 (India Standard Time)","18193.60","18199.55","18161.15","18177.35","126600.00"
"Fri May 05 2023 14:35:00 GMT+0530 (India Standard Time)","18175.10","18184.65","18168.00","18178.90","81300.00"
"Fri May 05 2023 14:45:00 GMT+0530 (India Standard Time)","18178.90","18182.00","18144.00","18163.95","181550.00"
"Fri May 05 2023 14:55:00 GMT+0530 (India Standard Time)","18164.80","18167.95","18121.50","18123.90","338400.00"
"Fri May 05 2023 15:05:00 GMT+0530 (India Standard Time)","18124.50","18147.85","18115.00","18131.55","366200.00"
"Fri May 05 2023 15:15:00 GMT+0530 (India Standard Time)","18133.75","18140.00","18118.80","18122.00","314700.00"
"Fri May 05 2023 15:25:00 GMT+0530 (India Standard Time)","18122.95","18133.70","18121.50","18130.10","181650.00"
"Mon May 08 2023 09:15:00 GMT+0530 (India Standard Time)","18160.00","18215.00","18150.55","18214.35","533450.00"
"Mon May 08 2023 09:25:00 GMT+0530 (India Standard Time)","18215.00","18234.00","18207.10","18230.10","401550.00"
"Mon May 08 2023 09:35:00 GMT+0530 (India Standard Time)","18231.85","18240.00","18220.00","18236.25","208100.00"
"Mon May 08 2023 09:45:00 GMT+0530 (India Standard Time)","18236.15","18260.00","18236.15","18251.50","323150.00"
"Mon May 08 2023 09:55:00 GMT+0530 (India Standard Time)","18253.00","18269.35","18251.00","18267.30","174450.00"
"Mon May 08 2023 10:05:00 GMT+0530 (India Standard Time)","18267.50","18267.50","18240.20","18244.00","152100.00"
"Mon May 08 2023 10:15:00 GMT+0530 (India Standard Time)","18241.00","18282.25","18240.80","18280.25","233950.00"
"Mon May 08 2023 10:25:00 GMT+0530 (India Standard Time)","18280.20","18288.65","18271.00","18275.85","164500.00"
"Mon May 08 2023 10:35:00 GMT+0530 (India Standard Time)","18276.05","18293.40","18275.50","18290.50","173100.00"
"Mon May 08 2023 10:45:00 GMT+0530 (India Standard Time)","18290.40","18296.00","18276.05","18279.95","164200.00"
"Mon May 08 2023 10:55:00 GMT+0530 (India Standard Time)","18280.00","18290.70","18271.90","18276.40","105750.00"
"Mon May 08 2023 11:05:00 GMT+0530 (India Standard Time)","18277.00","18286.05","18265.75","18284.95","142100.00"
"Mon May 08 2023 11:15:00 GMT+0530 (India Standard Time)","18288.45","18293.15","18278.25","18283.95","83400.00"
"Mon May 08 2023 11:25:00 GMT+0530 (India Standard Time)","18283.00","18299.95","18281.00","18297.00","145800.00"
"Mon May 08 2023 11:35:00 GMT+0530 (India Standard Time)","18297.00","18309.40","18295.00","18300.80","156950.00"
"Mon May 08 2023 11:45:00 GMT+0530 (India Standard Time)","18300.80","18315.15","18300.80","18309.00","106300.00"
"Mon May 08 2023 11:55:00 GMT+0530 (India Standard Time)","18309.00","18319.35","18296.00","18314.50","106100.00"
"Mon May 08 2023 12:05:00 GMT+0530 (India Standard Time)","18314.50","18327.20","18310.05","18321.00","157350.00"
"Mon May 08 2023 12:15:00 GMT+0530 (India Standard Time)","18320.00","18322.00","18311.55","18313.50","101500.00"
"Mon May 08 2023 12:25:00 GMT+0530 (India Standard Time)","18313.50","18324.00","18308.10","18320.00","97000.00"
"Mon May 08 2023 12:35:00 GMT+0530 (India Standard Time)","18319.55","18332.75","18315.65","18328.30","118700.00"
"Mon May 08 2023 12:45:00 GMT+0530 (India Standard Time)","18328.30","18330.05","18321.30","18326.70","70600.00"
"Mon May 08 2023 12:55:00 GMT+0530 (India Standard Time)","18326.70","18329.85","18312.00","18316.40","61500.00"
"Mon May 08 2023 13:05:00 GMT+0530 (India Standard Time)","18316.40","18328.60","18314.80","18326.00","50200.00"
"Mon May 08 2023 13:15:00 GMT+0530 (India Standard Time)","18326.75","18340.00","18325.10","18333.00","101300.00"
"Mon May 08 2023 13:25:00 GMT+0530 (India Standard Time)","18333.00","18340.00","18328.50","18335.00","44950.00"
"Mon May 08 2023 13:35:00 GMT+0530 (India Standard Time)","18335.00","18341.00","18321.45","18325.00","59650.00"
"Mon May 08 2023 13:45:00 GMT+0530 (India Standard Time)","18328.40","18332.85","18314.00","18329.40","68650.00"
"Mon May 08 2023 13:55:00 GMT+0530 (India Standard Time)","18330.10","18344.70","18329.40","18331.55","90900.00"
"Mon May 08 2023 14:05:00 GMT+0530 (India Standard Time)","18331.60","18342.40","18329.05","18332.95","58100.00"
"Mon May 08 2023 14:15:00 GMT+0530 (India Standard Time)","18330.00","18333.45","18312.25","18324.70","105250.00"
"Mon May 08 2023 14:25:00 GMT+0530 (India Standard Time)","18325.15","18331.65","18316.00","18321.40","87100.00"
"Mon May 08 2023 14:35:00 GMT+0530 (India Standard Time)","18321.35","18330.75","18314.00","18323.70","112000.00"
"Mon May 08 2023 14:45:00 GMT+0530 (India Standard Time)","18325.00","18328.80","18309.65","18317.40","171950.00"
"Mon May 08 2023 14:55:00 GMT+0530 (India Standard Time)","18316.95","18329.55","18302.50","18309.40","172850.00"
"Mon May 08 2023 15:05:00 GMT+0530 (India Standard Time)","18308.40","18314.95","18291.00","18307.80","264650.00"
"Mon May 08 2023 15:15:00 GMT+0530 (India Standard Time)","18308.00","18325.00","18304.15","18325.00","282200.00"
"Mon May 08 2023 15:25:00 GMT+0530 (India Standard Time)","18324.20","18325.00","18313.80","18317.50","134000.00"
"Tue May 09 2023 09:15:00 GMT+0530 (India Standard Time)","18335.60","18352.70","18328.95","18340.00","285750.00"
"Tue May 09 2023 09:25:00 GMT+0530 (India Standard Time)","18339.70","18342.00","18319.50","18329.85","196150.00"
"Tue May 09 2023 09:35:00 GMT+0530 (India Standard Time)","18330.85","18358.00","18322.60","18358.00","198250.00"
"Tue May 09 2023 09:45:00 GMT+0530 (India Standard Time)","18358.00","18375.00","18358.00","18370.00","205650.00"
"Tue May 09 2023 09:55:00 GMT+0530 (India Standard Time)","18369.85","18378.50","18365.70","18368.50","108800.00"
"Tue May 09 2023 10:05:00 GMT+0530 (India Standard Time)","18368.20","18378.25","18368.00","18375.05","107250.00"
"Tue May 09 2023 10:15:00 GMT+0530 (India Standard Time)","18374.60","18378.45","18371.50","18377.50","129300.00"
"Tue May 09 2023 10:25:00 GMT+0530 (India Standard Time)","18377.50","18383.55","18360.10","18370.00","135100.00"
"Tue May 09 2023 10:35:00 GMT+0530 (India Standard Time)","18373.00","18377.80","18364.65","18375.10","72350.00"
"Tue May 09 2023 10:45:00 GMT+0530 (India Standard Time)","18375.00","18384.00","18374.95","18381.70","89950.00"
"Tue May 09 2023 10:55:00 GMT+0530 (India Standard Time)","18382.00","18388.10","18380.00","18383.00","79900.00"
"Tue May 09 2023 11:05:00 GMT+0530 (India Standard Time)","18381.45","18386.45","18372.35","18375.00","79950.00"
"Tue May 09 2023 11:15:00 GMT+0530 (India Standard Time)","18375.00","18375.85","18364.00","18366.75","76700.00"
"Tue May 09 2023 11:25:00 GMT+0530 (India Standard Time)","18366.75","18375.00","18364.35","18371.00","33050.00"
"Tue May 09 2023 11:35:00 GMT+0530 (India Standard Time)","18371.50","18376.90","18357.60","18372.25","85700.00"
"Tue May 09 2023 11:45:00 GMT+0530 (India Standard Time)","18372.25","18377.80","18363.50","18369.95","37850.00"
"Tue May 09 2023 11:55:00 GMT+0530 (India Standard Time)","18369.95","18378.00","18367.80","18374.10","27950.00"
"Tue May 09 2023 12:05:00 GMT+0530 (India Standard Time)","18374.10","18379.00","18370.00","18371.60","37050.00"
"Tue May 09 2023 12:15:00 GMT+0530 (India Standard Time)","18371.60","18375.00","18363.75","18369.35","30550.00"
"Tue May 09 2023 12:25:00 GMT+0530 (India Standard Time)","18369.35","18375.00","18363.00","18370.00","39800.00"
"Tue May 09 2023 12:35:00 GMT+0530 (India Standard Time)","18370.00","18371.75","18365.00","18368.50","32300.00"
"Tue May 09 2023 12:45:00 GMT+0530 (India Standard Time)","18368.50","18368.80","18340.00","18340.45","141000.00"
"Tue May 09 2023 12:55:00 GMT+0530 (India Standard Time)","18340.00","18349.00","18333.00","18339.00","145650.00"
"Tue May 09 2023 13:05:00 GMT+0530 (India Standard Time)","18339.00","18343.30","18324.25","18331.10","158850.00"
"Tue May 09 2023 13:15:00 GMT+0530 (India Standard Time)","18331.10","18342.10","18321.30","18332.95","149450.00"
"Tue May 09 2023 13:25:00 GMT+0530 (India Standard Time)","18333.90","18336.00","18312.50","18312.50","144700.00"
"Tue May 09 2023 13:35:00 GMT+0530 (India Standard Time)","18314.70","18328.90","18312.50","18321.70","68550.00"
"Tue May 09 2023 13:45:00 GMT+0530 (India Standard Time)","18321.70","18328.90","18305.00","18305.00","110450.00"
"Tue May 09 2023 13:55:00 GMT+0530 (India Standard Time)","18306.15","18313.95","18270.25","18280.55","431400.00"
"Tue May 09 2023 14:05:00 GMT+0530 (India Standard Time)","18283.00","18313.05","18277.00","18302.90","199300.00"
"Tue May 09 2023 14:15:00 GMT+0530 (India Standard Time)","18303.10","18309.45","18291.45","18293.60","106350.00"
"Tue May 09 2023 14:25:00 GMT+0530 (India Standard Time)","18292.90","18324.85","18292.40","18322.00","120400.00"
"Tue May 09 2023 14:35:00 GMT+0530 (India Standard Time)","18321.80","18324.90","18301.20","18303.40","74500.00"
"Tue May 09 2023 14:45:00 GMT+0530 (India Standard Time)","18303.20","18313.75","18293.00","18305.45","76850.00"
"Tue May 09 2023 14:55:00 GMT+0530 (India Standard Time)","18305.45","18320.00","18302.75","18312.90","91050.00"
"Tue May 09 2023 15:05:00 GMT+0530 (India Standard Time)","18314.85","18319.80","18306.00","18308.35","187950.00"
"Tue May 09 2023 15:15:00 GMT+0530 (India Standard Time)","18308.35","18311.30","18294.15","18300.80","226650.00"
"Tue May 09 2023 15:25:00 GMT+0530 (India Standard Time)","18300.80","18305.25","18300.00","18304.55","110800.00"
"Wed May 10 2023 09:15:00 GMT+0530 (India Standard Time)","18325.00","18356.00","18325.00","18346.00","322300.00"
"Wed May 10 2023 09:25:00 GMT+0530 (India Standard Time)","18347.65","18348.80","18292.50","18305.00","286400.00"
"Wed May 10 2023 09:35:00 GMT+0530 (India Standard Time)","18306.90","18306.90","18272.00","18272.80","221450.00"
"Wed May 10 2023 09:45:00 GMT+0530 (India Standard Time)","18272.60","18291.70","18269.00","18275.00","221300.00"
"Wed May 10 2023 09:55:00 GMT+0530 (India Standard Time)","18275.00","18280.40","18256.70","18257.00","222000.00"
"Wed May 10 2023 10:05:00 GMT+0530 (India Standard Time)","18259.45","18276.15","18255.55","18272.10","194700.00"
"Wed May 10 2023 10:15:00 GMT+0530 (India Standard Time)","18271.15","18291.00","18269.25","18288.80","155150.00"
"Wed May 10 2023 10:25:00 GMT+0530 (India Standard Time)","18289.15","18300.00","18285.05","18298.75","119000.00"
"Wed May 10 2023 10:35:00 GMT+0530 (India Standard Time)","18298.75","18312.60","18282.30","18285.00","139150.00"
"Wed May 10 2023 10:45:00 GMT+0530 (India Standard Time)","18287.20","18297.80","18277.35","18290.25","67900.00"
"Wed May 10 2023 10:55:00 GMT+0530 (India Standard Time)","18290.25","18291.45","18281.10","18281.10","44550.00"
"Wed May 10 2023 11:05:00 GMT+0530 (India Standard Time)","18281.10","18299.30","18279.00","18299.00","51850.00"
"Wed May 10 2023 11:15:00 GMT+0530 (India Standard Time)","18299.00","18306.95","18292.05","18296.20","58700.00"
"Wed May 10 2023 11:25:00 GMT+0530 (India Standard Time)","18297.50","18314.30","18296.20","18311.45","70900.00"
"Wed May 10 2023 11:35:00 GMT+0530 (India Standard Time)","18311.45","18325.80","18311.45","18318.30","140750.00"
"Wed May 10 2023 11:45:00 GMT+0530 (India Standard Time)","18318.00","18333.95","18317.25","18324.00","131700.00"
"Wed May 10 2023 11:55:00 GMT+0530 (India Standard Time)","18324.00","18324.50","18305.00","18315.75","59850.00"
"Wed May 10 2023 12:05:00 GMT+0530 (India Standard Time)","18315.75","18320.00","18305.40","18318.00","38650.00"
"Wed May 10 2023 12:15:00 GMT+0530 (India Standard Time)","18318.00","18326.85","18312.70","18324.05","53550.00"
"Wed May 10 2023 12:25:00 GMT+0530 (India Standard Time)","18324.40","18329.30","18315.00","18320.00","45600.00"
"Wed May 10 2023 12:35:00 GMT+0530 (India Standard Time)","18320.00","18328.95","18313.30","18326.00","38250.00"
"Wed May 10 2023 12:45:00 GMT+0530 (India Standard Time)","18326.00","18333.00","18321.00","18331.55","61500.00"
"Wed May 10 2023 12:55:00 GMT+0530 (India Standard Time)","18331.55","18334.55","18317.00","18327.50","65650.00"
"Wed May 10 2023 13:05:00 GMT+0530 (India Standard Time)","18327.50","18329.80","18315.10","18326.45","44300.00"
"Wed May 10 2023 13:15:00 GMT+0530 (India Standard Time)","18327.05","18330.00","18295.60","18296.65","109650.00"
"Wed May 10 2023 13:25:00 GMT+0530 (India Standard Time)","18296.65","18298.45","18280.00","18285.65","160500.00"
"Wed May 10 2023 13:35:00 GMT+0530 (India Standard Time)","18285.95","18300.90","18275.00","18296.10","147900.00"
"Wed May 10 2023 13:45:00 GMT+0530 (India Standard Time)","18297.65","18306.00","18288.10","18306.00","41650.00"
"Wed May 10 2023 13:55:00 GMT+0530 (India Standard Time)","18306.00","18322.95","18306.00","18315.30","96500.00"
"Wed May 10 2023 14:05:00 GMT+0530 (India Standard Time)","18315.30","18328.00","18311.90","18327.95","67700.00"
"Wed May 10 2023 14:15:00 GMT+0530 (India Standard Time)","18327.95","18341.75","18326.00","18339.00","152300.00"
"Wed May 10 2023 14:25:00 GMT+0530 (India Standard Time)","18338.30","18339.00","18315.55","18318.85","62150.00"
"Wed May 10 2023 14:35:00 GMT+0530 (India Standard Time)","18318.75","18327.80","18311.05","18319.10","43450.00"
"Wed May 10 2023 14:45:00 GMT+0530 (India Standard Time)","18319.75","18322.40","18305.05","18313.55","57100.00"
"Wed May 10 2023 14:55:00 GMT+0530 (India Standard Time)","18313.55","18350.05","18313.15","18350.00","193200.00"
"Wed May 10 2023 15:05:00 GMT+0530 (India Standard Time)","18351.55","18358.15","18344.90","18345.20","252900.00"
"Wed May 10 2023 15:15:00 GMT+0530 (India Standard Time)","18345.25","18350.00","18342.55","18346.00","181500.00"
"Wed May 10 2023 15:25:00 GMT+0530 (India Standard Time)","18346.00","18347.40","18338.00","18343.00","175450.00"
"Thu May 11 2023 09:15:00 GMT+0530 (India Standard Time)","18375.10","18389.95","18347.05","18356.00","487850.00"
"Thu May 11 2023 09:25:00 GMT+0530 (India Standard Time)","18352.50","18364.95","18340.00","18355.80","195400.00"
"Thu May 11 2023 09:35:00 GMT+0530 (India Standard Time)","18353.90","18360.00","18322.10","18347.45","199700.00"
"Thu May 11 2023 09:45:00 GMT+0530 (India Standard Time)","18345.90","18358.10","18320.50","18340.00","195050.00"
"Thu May 11 2023 09:55:00 GMT+0530 (India Standard Time)","18340.00","18352.90","18330.45","18340.20","144050.00"
"Thu May 11 2023 10:05:00 GMT+0530 (India Standard Time)","18340.70","18364.70","18339.75","18357.25","152500.00"
"Thu May 11 2023 10:15:00 GMT+0530 (India Standard Time)","18359.80","18364.00","18346.75","18361.50","123450.00"
"Thu May 11 2023 10:25:00 GMT+0530 (India Standard Time)","18360.65","18370.00","18354.15","18365.30","116250.00"
"Thu May 11 2023 10:35:00 GMT+0530 (India Standard Time)","18365.30","18377.60","18365.30","18372.95","99850.00"
"Thu May 11 2023 10:45:00 GMT+0530 (India Standard Time)","18372.35","18380.00","18370.25","18375.30","79500.00"
"Thu May 11 2023 10:55:00 GMT+0530 (India Standard Time)","18376.50","18380.00","18358.00","18362.00","77500.00"
"Thu May 11 2023 11:05:00 GMT+0530 (India Standard Time)","18362.00","18370.00","18356.75","18365.00","63350.00"
"Thu May 11 2023 11:15:00 GMT+0530 (India Standard Time)","18365.00","18374.85","18360.25","18367.65","32500.00"
"Thu May 11 2023 11:25:00 GMT+0530 (India Standard Time)","18367.65","18371.15","18359.00","18360.40","25650.00"
"Thu May 11 2023 11:35:00 GMT+0530 (India Standard Time)","18361.00","18367.00","18346.00","18359.95","67300.00"
"Thu May 11 2023 11:45:00 GMT+0530 (India Standard Time)","18359.95","18360.00","18333.05","18341.95","103250.00"
"Thu May 11 2023 11:55:00 GMT+0530 (India Standard Time)","18341.95","18348.00","18329.80","18338.10","98950.00"
"Thu May 11 2023 12:05:00 GMT+0530 (India Standard Time)","18338.10","18345.00","18333.95","18338.65","59450.00"
"Thu May 11 2023 12:15:00 GMT+0530 (India Standard Time)","18336.40","18357.00","18336.05","18350.10","48850.00"
"Thu May 11 2023 12:25:00 GMT+0530 (India Standard Time)","18350.10","18363.20","18350.10","18359.90","42050.00"
"Thu May 11 2023 12:35:00 GMT+0530 (India Standard Time)","18359.90","18362.00","18340.35","18344.00","41450.00"
"Thu May 11 2023 12:45:00 GMT+0530 (India Standard Time)","18344.60","18352.90","18339.00","18349.00","58850.00"
"Thu May 11 2023 12:55:00 GMT+0530 (India Standard Time)","18349.05","18369.35","18348.40","18365.50","63300.00"
"Thu May 11 2023 13:05:00 GMT+0530 (India Standard Time)","18363.95","18374.50","18362.20","18363.50","90600.00"
"Thu May 11 2023 13:15:00 GMT+0530 (India Standard Time)","18363.50","18371.00","18354.50","18356.00","68650.00"
"Thu May 11 2023 13:25:00 GMT+0530 (India Standard Time)","18355.45","18366.95","18355.40","18361.15","62200.00"
"Thu May 11 2023 13:35:00 GMT+0530 (India Standard Time)","18361.15","18374.00","18359.50","18363.45","54400.00"
"Thu May 11 2023 13:45:00 GMT+0530 (India Standard Time)","18363.45","18368.30","18350.00","18360.00","44200.00"
"Thu May 11 2023 13:55:00 GMT+0530 (India Standard Time)","18360.00","18366.95","18352.65","18362.50","37600.00"
"Thu May 11 2023 14:05:00 GMT+0530 (India Standard Time)","18362.50","18365.00","18355.00","18362.65","48350.00"
"Thu May 11 2023 14:15:00 GMT+0530 (India Standard Time)","18362.65","18387.85","18360.50","18380.70","177900.00"
"Thu May 11 2023 14:25:00 GMT+0530 (India Standard Time)","18383.00","18385.00","18347.30","18358.95","139050.00"
"Thu May 11 2023 14:35:00 GMT+0530 (India Standard Time)","18361.45","18367.55","18351.10","18360.00","114900.00"
"Thu May 11 2023 14:45:00 GMT+0530 (India Standard Time)","18360.00","18360.00","18330.00","18336.85","164650.00"
"Thu May 11 2023 14:55:00 GMT+0530 (India Standard Time)","18336.15","18346.00","18316.00","18337.25","262450.00"
"Thu May 11 2023 15:05:00 GMT+0530 (India Standard Time)","18336.25","18349.30","18332.40","18343.80","122400.00"
"Thu May 11 2023 15:15:00 GMT+0530 (India Standard Time)","18345.90","18370.00","18335.25","18360.10","718000.00"
"Thu May 11 2023 15:25:00 GMT+0530 (India Standard Time)","18361.60","18363.00","18355.50","18356.10","131850.00"
"Fri May 12 2023 09:15:00 GMT+0530 (India Standard Time)","18298.95","18299.00","18251.00","18254.60","654000.00"
"Fri May 12 2023 09:25:00 GMT+0530 (India Standard Time)","18251.10","18271.00","18223.00","18235.00","637600.00"
"Fri May 12 2023 09:35:00 GMT+0530 (India Standard Time)","18234.00","18242.00","18225.90","18229.75","320000.00"
"Fri May 12 2023 09:45:00 GMT+0530 (India Standard Time)","18229.00","18249.00","18216.70","18248.00","330100.00"
"Fri May 12 2023 09:55:00 GMT+0530 (India Standard Time)","18249.45","18274.00","18247.85","18266.25","246100.00"
"Fri May 12 2023 10:05:00 GMT+0530 (India Standard Time)","18267.15","18278.35","18261.15","18269.00","100750.00"
"Fri May 12 2023 10:15:00 GMT+0530 (India Standard Time)","18271.95","18292.95","18260.00","18281.30","207050.00"
"Fri May 12 2023 10:25:00 GMT+0530 (India Standard Time)","18279.90","18296.65","18275.75","18296.65","83400.00"
"Fri May 12 2023 10:35:00 GMT+0530 (India Standard Time)","18294.20","18300.00","18289.50","18294.25","118400.00"
"Fri May 12 2023 10:45:00 GMT+0530 (India Standard Time)","18294.25","18305.15","18284.40","18297.25","137850.00"
"Fri May 12 2023 10:55:00 GMT+0530 (India Standard Time)","18297.25","18310.00","18292.30","18302.00","108700.00"
"Fri May 12 2023 11:05:00 GMT+0530 (India Standard Time)","18302.00","18307.05","18293.60","18302.60","68950.00"
"Fri May 12 2023 11:15:00 GMT+0530 (India Standard Time)","18302.60","18306.00","18285.00","18287.10","97950.00"
"Fri May 12 2023 11:25:00 GMT+0530 (India Standard Time)","18286.45","18294.90","18277.20","18290.70","117550.00"
"Fri May 12 2023 11:35:00 GMT+0530 (India Standard Time)","18290.50","18301.60","18287.60","18291.10","63050.00"
"Fri May 12 2023 11:45:00 GMT+0530 (India Standard Time)","18291.10","18303.15","18291.00","18303.15","48500.00"
"Fri May 12 2023 11:55:00 GMT+0530 (India Standard Time)","18303.15","18306.05","18294.00","18294.75","39750.00"
"Fri May 12 2023 12:05:00 GMT+0530 (India Standard Time)","18294.50","18300.00","18291.55","18296.60","36250.00"
"Fri May 12 2023 12:15:00 GMT+0530 (India Standard Time)","18296.60","18306.00","18293.35","18304.85","49600.00"
"Fri May 12 2023 12:25:00 GMT+0530 (India Standard Time)","18305.40","18323.90","18304.15","18316.15","206100.00"
"Fri May 12 2023 12:35:00 GMT+0530 (India Standard Time)","18316.00","18324.40","18306.00","18315.30","83050.00"
"Fri May 12 2023 12:45:00 GMT+0530 (India Standard Time)","18315.00","18324.00","18312.35","18320.20","93200.00"
"Fri May 12 2023 12:55:00 GMT+0530 (India Standard Time)","18320.20","18338.00","18318.80","18324.50","138650.00"
"Fri May 12 2023 13:05:00 GMT+0530 (India Standard Time)","18324.50","18340.00","18320.15","18327.55","145200.00"
"Fri May 12 2023 13:15:00 GMT+0530 (India Standard Time)","18328.05","18342.75","18323.60","18336.00","157100.00"
"Fri May 12 2023 13:25:00 GMT+0530 (India Standard Time)","18336.00","18338.05","18320.20","18325.00","72100.00"
"Fri May 12 2023 13:35:00 GMT+0530 (India Standard Time)","18325.00","18347.00","18323.00","18337.65","114050.00"
"Fri May 12 2023 13:45:00 GMT+0530 (India Standard Time)","18338.00","18358.80","18334.20","18355.50","193100.00"
"Fri May 12 2023 13:55:00 GMT+0530 (India Standard Time)","18355.10","18365.00","18348.10","18362.00","136550.00"
"Fri May 12 2023 14:05:00 GMT+0530 (India Standard Time)","18362.00","18363.60","18351.65","18353.40","91100.00"
"Fri May 12 2023 14:15:00 GMT+0530 (India Standard Time)","18353.80","18355.00","18343.05","18350.85","69500.00"
"Fri May 12 2023 14:25:00 GMT+0530 (India Standard Time)","18350.85","18359.95","18330.45","18334.85","113700.00"
"Fri May 12 2023 14:35:00 GMT+0530 (India Standard Time)","18334.85","18360.00","18332.00","18351.20","102750.00"
"Fri May 12 2023 14:45:00 GMT+0530 (India Standard Time)","18353.55","18354.90","18341.00","18345.95","109500.00"
"Fri May 12 2023 14:55:00 GMT+0530 (India Standard Time)","18348.15","18355.00","18325.25","18332.50","145850.00"
"Fri May 12 2023 15:05:00 GMT+0530 (India Standard Time)","18332.65","18339.50","18326.00","18328.00","112050.00"
"Fri May 12 2023 15:15:00 GMT+0530 (India Standard Time)","18327.60","18336.10","18327.05","18335.00","180400.00"
"Fri May 12 2023 15:25:00 GMT+0530 (India Standard Time)","18334.55","18337.45","18331.05","18334.00","215400.00"
"Mon May 15 2023 09:15:00 GMT+0530 (India Standard Time)","18300.00","18369.90","18292.30","18354.75","480000.00"
"Mon May 15 2023 09:25:00 GMT+0530 (India Standard Time)","18354.75","18359.45","18337.20","18340.35","222450.00"
"Mon May 15 2023 09:35:00 GMT+0530 (India Standard Time)","18340.35","18380.00","18340.00","18379.00","354000.00"
"Mon May 15 2023 09:45:00 GMT+0530 (India Standard Time)","18380.00","18387.70","18379.00","18387.70","226350.00"
"Mon May 15 2023 09:55:00 GMT+0530 (India Standard Time)","18387.40","18399.80","18380.35","18399.80","265450.00"
"Mon May 15 2023 10:05:00 GMT+0530 (India Standard Time)","18400.00","18403.75","18391.10","18400.00","133450.00"
"Mon May 15 2023 10:15:00 GMT+0530 (India Standard Time)","18399.05","18407.45","18390.10","18391.80","113300.00"
"Mon May 15 2023 10:25:00 GMT+0530 (India Standard Time)","18391.80","18400.00","18391.15","18396.00","38950.00"
"Mon May 15 2023 10:35:00 GMT+0530 (India Standard Time)","18395.00","18410.00","18393.75","18405.55","71050.00"
"Mon May 15 2023 10:45:00 GMT+0530 (India Standard Time)","18406.00","18410.00","18390.10","18392.40","80650.00"
"Mon May 15 2023 10:55:00 GMT+0530 (India Standard Time)","18392.40","18408.95","18390.10","18403.45","88200.00"
"Mon May 15 2023 11:05:00 GMT+0530 (India Standard Time)","18405.20","18420.15","18403.45","18417.50","113200.00"
"Mon May 15 2023 11:15:00 GMT+0530 (India Standard Time)","18417.50","18433.00","18416.25","18431.95","119750.00"
"Mon May 15 2023 11:25:00 GMT+0530 (India Standard Time)","18431.95","18439.95","18431.00","18439.35","109850.00"
"Mon May 15 2023 11:35:00 GMT+0530 (India Standard Time)","18437.60","18438.75","18427.80","18433.10","99700.00"
"Mon May 15 2023 11:45:00 GMT+0530 (India Standard Time)","18433.40","18439.95","18430.20","18433.70","79100.00"
"Mon May 15 2023 11:55:00 GMT+0530 (India Standard Time)","18433.70","18435.00","18423.00","18429.80","78450.00"
"Mon May 15 2023 12:05:00 GMT+0530 (India Standard Time)","18430.00","18440.00","18429.80","18436.40","60250.00"
"Mon May 15 2023 12:15:00 GMT+0530 (India Standard Time)","18437.00","18444.95","18431.60","18441.70","83000.00"
"Mon May 15 2023 12:25:00 GMT+0530 (India Standard Time)","18441.70","18444.50","18436.00","18437.05","56100.00"
"Mon May 15 2023 12:35:00 GMT+0530 (India Standard Time)","18438.00","18451.00","18434.30","18450.00","102850.00"
"Mon May 15 2023 12:45:00 GMT+0530 (India Standard Time)","18450.90","18459.00","18448.30","18449.85","85800.00"
"Mon May 15 2023 12:55:00 GMT+0530 (India Standard Time)","18450.00","18458.00","18448.30","18455.70","51350.00"
"Mon May 15 2023 13:05:00 GMT+0530 (India Standard Time)","18455.70","18457.70","18446.20","18450.25","49400.00"
"Mon May 15 2023 13:15:00 GMT+0530 (India Standard Time)","18450.00","18459.20","18448.00","18457.80","52500.00"
"Mon May 15 2023 13:25:00 GMT+0530 (India Standard Time)","18457.80","18458.70","18448.55","18449.10","64750.00"
"Mon May 15 2023 13:35:00 GMT+0530 (India Standard Time)","18449.35","18465.85","18448.75","18465.35","86800.00"
"Mon May 15 2023 13:45:00 GMT+0530 (India Standard Time)","18465.35","18468.30","18462.00","18464.10","57350.00"
"Mon May 15 2023 13:55:00 GMT+0530 (India Standard Time)","18463.65","18466.60","18455.50","18459.00","69150.00"
"Mon May 15 2023 14:05:00 GMT+0530 (India Standard Time)","18459.00","18471.75","18457.50","18470.55","85750.00"
"Mon May 15 2023 14:15:00 GMT+0530 (India Standard Time)","18470.55","18473.05","18456.05","18459.40","97200.00"
"Mon May 15 2023 14:25:00 GMT+0530 (India Standard Time)","18460.00","18464.40","18438.35","18452.00","183550.00"
"Mon May 15 2023 14:35:00 GMT+0530 (India Standard Time)","18450.15","18458.00","18443.50","18447.25","82800.00"
"Mon May 15 2023 14:45:00 GMT+0530 (India Standard Time)","18447.25","18455.20","18446.20","18451.00","59100.00"
"Mon May 15 2023 14:55:00 GMT+0530 (India Standard Time)","18451.15","18464.85","18418.00","18418.00","279500.00"
"Mon May 15 2023 15:05:00 GMT+0530 (India Standard Time)","18418.00","18432.00","18405.10","18407.00","306650.00"
"Mon May 15 2023 15:15:00 GMT+0530 (India Standard Time)","18405.10","18419.55","18403.90","18410.10","239650.00"
"Mon May 15 2023 15:25:00 GMT+0530 (India Standard Time)","18409.75","18412.85","18406.70","18411.35","207550.00"
"Tue May 16 2023 09:15:00 GMT+0530 (India Standard Time)","18439.00","18444.85","18402.00","18403.00","368800.00"
"Tue May 16 2023 09:25:00 GMT+0530 (India Standard Time)","18403.00","18425.65","18389.25","18395.40","265000.00"
"Tue May 16 2023 09:35:00 GMT+0530 (India Standard Time)","18395.50","18430.00","18390.10","18425.15","143150.00"
"Tue May 16 2023 09:45:00 GMT+0530 (India Standard Time)","18424.40","18441.95","18422.70","18432.10","126350.00"
"Tue May 16 2023 09:55:00 GMT+0530 (India Standard Time)","18432.35","18439.90","18423.05","18438.10","70200.00"
"Tue May 16 2023 10:05:00 GMT+0530 (India Standard Time)","18438.10","18445.50","18431.25","18434.00","92900.00"
"Tue May 16 2023 10:15:00 GMT+0530 (India Standard Time)","18434.00","18440.00","18406.30","18416.30","95950.00"
"Tue May 16 2023 10:25:00 GMT+0530 (India Standard Time)","18416.30","18420.00","18400.05","18403.05","111500.00"
"Tue May 16 2023 10:35:00 GMT+0530 (India Standard Time)","18401.00","18417.20","18391.10","18414.85","116500.00"
"Tue May 16 2023 10:45:00 GMT+0530 (India Standard Time)","18414.85","18415.70","18403.35","18414.85","39400.00"
"Tue May 16 2023 10:55:00 GMT+0530 (India Standard Time)","18414.85","18422.60","18407.55","18415.85","46500.00"
"Tue May 16 2023 11:05:00 GMT+0530 (India Standard Time)","18415.85","18420.00","18401.45","18408.80","40450.00"
"Tue May 16 2023 11:15:00 GMT+0530 (India Standard Time)","18408.80","18408.95","18384.10","18384.20","113600.00"
"Tue May 16 2023 11:25:00 GMT+0530 (India Standard Time)","18384.20","18398.95","18377.00","18385.55","143750.00"
"Tue May 16 2023 11:35:00 GMT+0530 (India Standard Time)","18385.55","18388.35","18370.05","18387.00","128300.00"
"Tue May 16 2023 11:45:00 GMT+0530 (India Standard Time)","18385.80","18396.75","18385.00","18394.95","75750.00"
"Tue May 16 2023 11:55:00 GMT+0530 (India Standard Time)","18394.95","18396.00","18382.15","18391.00","39850.00"
"Tue May 16 2023 12:05:00 GMT+0530 (India Standard Time)","18390.70","18396.00","18384.55","18389.25","29500.00"
"Tue May 16 2023 12:15:00 GMT+0530 (India Standard Time)","18389.25","18398.75","18387.60","18396.00","25350.00"
"Tue May 16 2023 12:25:00 GMT+0530 (India Standard Time)","18396.00","18404.10","18376.25","18385.70","87150.00"
"Tue May 16 2023 12:35:00 GMT+0530 (India Standard Time)","18385.70","18409.45","18376.70","18405.90","86100.00"
"Tue May 16 2023 12:45:00 GMT+0530 (India Standard Time)","18407.00","18409.00","18387.00","18390.05","95650.00"
"Tue May 16 2023 12:55:00 GMT+0530 (India Standard Time)","18390.05","18402.00","18385.00","18401.50","91350.00"
"Tue May 16 2023 13:05:00 GMT+0530 (India Standard Time)","18402.00","18407.85","18396.00","18402.65","54150.00"
"Tue May 16 2023 13:15:00 GMT+0530 (India Standard Time)","18402.50","18404.35","18393.10","18397.00","83650.00"
"Tue May 16 2023 13:25:00 GMT+0530 (India Standard Time)","18397.50","18405.10","18394.35","18404.00","38050.00"
"Tue May 16 2023 13:35:00 GMT+0530 (India Standard Time)","18404.00","18409.00","18388.25","18395.05","68200.00"
"Tue May 16 2023 13:45:00 GMT+0530 (India Standard Time)","18395.05","18408.40","18395.00","18407.35","42800.00"
"Tue May 16 2023 13:55:00 GMT+0530 (India Standard Time)","18407.35","18414.00","18396.10","18403.00","66250.00"
"Tue May 16 2023 14:05:00 GMT+0530 (India Standard Time)","18403.15","18403.25","18368.05","18375.00","147350.00"
"Tue May 16 2023 14:15:00 GMT+0530 (India Standard Time)","18373.65","18383.60","18364.90","18379.55","131350.00"
"Tue May 16 2023 14:25:00 GMT+0530 (India Standard Time)","18379.55","18390.80","18377.10","18381.40","73000.00"
"Tue May 16 2023 14:35:00 GMT+0530 (India Standard Time)","18381.40","18386.65","18376.25","18380.20","51400.00"
"Tue May 16 2023 14:45:00 GMT+0530 (India Standard Time)","18380.20","18384.10","18357.05","18357.65","215300.00"
"Tue May 16 2023 14:55:00 GMT+0530 (India Standard Time)","18359.55","18368.00","18340.00","18344.00","368700.00"
"Tue May 16 2023 15:05:00 GMT+0530 (India Standard Time)","18344.00","18344.40","18317.50","18322.05","405800.00"
"Tue May 16 2023 15:15:00 GMT+0530 (India Standard Time)","18321.75","18329.85","18312.00","18317.00","385250.00"
"Tue May 16 2023 15:25:00 GMT+0530 (India Standard Time)","18319.90","18328.75","18317.00","18325.60","156800.00"
"Wed May 17 2023 09:15:00 GMT+0530 (India Standard Time)","18315.60","18320.40","18286.45","18295.00","333250.00"
"Wed May 17 2023 09:25:00 GMT+0530 (India Standard Time)","18294.30","18319.00","18286.20","18296.00","197750.00"
"Wed May 17 2023 09:35:00 GMT+0530 (India Standard Time)","18293.75","18301.75","18282.50","18295.35","134050.00"
"Wed May 17 2023 09:45:00 GMT+0530 (India Standard Time)","18292.05","18313.00","18290.00","18306.00","182100.00"
"Wed May 17 2023 09:55:00 GMT+0530 (India Standard Time)","18306.00","18311.90","18285.65","18305.65","93150.00"
"Wed May 17 2023 10:05:00 GMT+0530 (India Standard Time)","18305.65","18313.90","18300.00","18308.45","69000.00"
"Wed May 17 2023 10:15:00 GMT+0530 (India Standard Time)","18309.30","18310.20","18275.85","18281.90","131700.00"
"Wed May 17 2023 10:25:00 GMT+0530 (India Standard Time)","18280.00","18282.50","18270.65","18278.00","213050.00"
"Wed May 17 2023 10:35:00 GMT+0530 (India Standard Time)","18277.95","18279.00","18261.10","18262.00","174150.00"
"Wed May 17 2023 10:45:00 GMT+0530 (India Standard Time)","18262.50","18264.30","18252.05","18253.05","182650.00"
"Wed May 17 2023 10:55:00 GMT+0530 (India Standard Time)","18253.10","18262.00","18241.60","18249.90","171900.00"
"Wed May 17 2023 11:05:00 GMT+0530 (India Standard Time)","18249.85","18270.20","18248.45","18267.90","1402850.00"
"Wed May 17 2023 11:15:00 GMT+0530 (India Standard Time)","18267.05","18269.55","18249.05","18251.00","75800.00"
"Wed May 17 2023 11:25:00 GMT+0530 (India Standard Time)","18251.00","18252.10","18235.05","18235.15","133000.00"
"Wed May 17 2023 11:35:00 GMT+0530 (India Standard Time)","18233.85","18237.35","18209.60","18210.95","509050.00"
"Wed May 17 2023 11:45:00 GMT+0530 (India Standard Time)","18211.05","18218.75","18187.00","18187.00","346600.00"
"Wed May 17 2023 11:55:00 GMT+0530 (India Standard Time)","18188.20","18191.85","18166.50","18176.40","330500.00"
"Wed May 17 2023 12:05:00 GMT+0530 (India Standard Time)","18175.00","18194.65","18169.00","18186.95","197050.00"
"Wed May 17 2023 12:15:00 GMT+0530 (India Standard Time)","18186.55","18195.50","18177.10","18193.45","117250.00"
"Wed May 17 2023 12:25:00 GMT+0530 (India Standard Time)","18193.45","18196.00","18183.00","18196.00","99200.00"
"Wed May 17 2023 12:35:00 GMT+0530 (India Standard Time)","18198.00","18205.30","18193.05","18200.90","144550.00"
"Wed May 17 2023 12:45:00 GMT+0530 (India Standard Time)","18201.00","18204.40","18182.00","18184.05","121400.00"
"Wed May 17 2023 12:55:00 GMT+0530 (India Standard Time)","18183.30","18184.95","18168.25","18170.05","135350.00"
"Wed May 17 2023 13:05:00 GMT+0530 (India Standard Time)","18170.05","18184.35","18168.05","18170.20","90400.00"
"Wed May 17 2023 13:15:00 GMT+0530 (India Standard Time)","18170.00","18181.35","18157.75","18169.30","148650.00"
"Wed May 17 2023 13:25:00 GMT+0530 (India Standard Time)","18168.40","18170.20","18160.70","18162.00","108300.00"
"Wed May 17 2023 13:35:00 GMT+0530 (India Standard Time)","18161.25","18176.05","18160.50","18174.20","119900.00"
"Wed May 17 2023 13:45:00 GMT+0530 (India Standard Time)","18174.10","18190.60","18171.05","18186.70","117900.00"
"Wed May 17 2023 13:55:00 GMT+0530 (India Standard Time)","18186.70","18192.60","18182.00","18186.00","90200.00"
"Wed May 17 2023 14:05:00 GMT+0530 (India Standard Time)","18186.00","18186.15","18166.95","18178.00","96800.00"
"Wed May 17 2023 14:15:00 GMT+0530 (India Standard Time)","18178.00","18189.90","18175.00","18182.25","79700.00"
"Wed May 17 2023 14:25:00 GMT+0530 (India Standard Time)","18182.25","18201.00","18177.15","18195.40","128650.00"
"Wed May 17 2023 14:35:00 GMT+0530 (India Standard Time)","18196.15","18211.65","18188.45","18210.15","121800.00"
"Wed May 17 2023 14:45:00 GMT+0530 (India Standard Time)","18211.65","18218.00","18197.25","18198.65","237650.00"
"Wed May 17 2023 14:55:00 GMT+0530 (India Standard Time)","18198.65","18213.00","18193.00","18208.40","136900.00"
"Wed May 17 2023 15:05:00 GMT+0530 (India Standard Time)","18208.85","18221.00","18205.00","18220.00","134950.00"
"Wed May 17 2023 15:15:00 GMT+0530 (India Standard Time)","18220.00","18232.70","18220.00","18225.30","312950.00"
"Wed May 17 2023 15:25:00 GMT+0530 (India Standard Time)","18225.05","18233.50","18224.60","18231.95","231800.00"